/*
SQLyog Professional v13.1.1 (64 bit)
MySQL - 10.4.32-MariaDB : Database - CONSUME
*********************************************************************
*/

/*!40101 SET NAMES utf8 */;

/*!40101 SET SQL_MODE=''*/;

/*!40014 SET @OLD_UNIQUE_CHECKS=@@UNIQUE_CHECKS, UNIQUE_CHECKS=0 */;
/*!40014 SET @OLD_FOREIGN_KEY_CHECKS=@@FOREIGN_KEY_CHECKS, FOREIGN_KEY_CHECKS=0 */;
/*!40101 SET @OLD_SQL_MODE=@@SQL_MODE, SQL_MODE='NO_AUTO_VALUE_ON_ZERO' */;
/*!40111 SET @OLD_SQL_NOTES=@@SQL_NOTES, SQL_NOTES=0 */;
CREATE DATABASE /*!32312 IF NOT EXISTS*/`CONSUME` /*!40100 DEFAULT CHARACTER SET utf8mb4 COLLATE utf8mb4_general_ci */;

USE `CONSUME`;

/*Table structure for table `API_LOGS` */

DROP TABLE IF EXISTS `API_LOGS`;

CREATE TABLE `API_LOGS` (
  `API_LOG_ID` int(11) NOT NULL AUTO_INCREMENT,
  `API_NAME` char(255) DEFAULT NULL,
  `API_LOG_TIME` char(255) DEFAULT NULL,
  `API_MESSAGE` char(255) DEFAULT NULL,
  `REQUEST_DATA` text DEFAULT NULL,
  `RESPONSE_DATA` text DEFAULT NULL,
  PRIMARY KEY (`API_LOG_ID`)
) ENGINE=InnoDB AUTO_INCREMENT=314 DEFAULT CHARSET=utf8mb4 COLLATE=utf8mb4_general_ci;

/*Data for the table `API_LOGS` */

insert  into `API_LOGS`(`API_LOG_ID`,`API_NAME`,`API_LOG_TIME`,`API_MESSAGE`,`REQUEST_DATA`,`RESPONSE_DATA`) values 
(46,'Register','2026-02-06 00:36:52',NULL,'{\"FirstName\":\"John\",\"LastName\":\"Doe\",\"UserName\":\"johndoe_seller\",\"Email\":\"caparasronaldo018@gmail.com\",\"ContactNo\":\"09171234567\",\"UserType\":\"S\",\"PassPreference\":\"email\",\"StoreName\":\"Electronics Store\"}','{\"isSuccess\":true,\"Message\":\"Seller registration successful! Temporary password and OTP sent via Email. Please verify your email.\",\"UserId\":3,\"TemporaryPassword\":\"d4fc6b89\",\"OTP\":\"3E5F2154\"}'),
(47,'VerifyOTP','2026-02-06 00:49:08',NULL,'{\"UserId\":3,\"OTP\":\"3E5F2154\"}','{\"isSuccess\":false,\"Message\":\"OTP has expired. Please request a new OTP.\"}'),
(48,'Register','2026-02-06 00:50:22',NULL,'{\"FirstName\":\"John\",\"LastName\":\"Doe\",\"UserName\":\"johndoe_seller\",\"Email\":\"caparasronaldo018@gmail.com\",\"ContactNo\":\"09171234567\",\"UserType\":\"S\",\"PassPreference\":\"email\",\"StoreName\":\"Electronics Store\"}','{\"isSuccess\":false,\"Message\":\"Username or Email already exists\",\"UserId\":0,\"TemporaryPassword\":null,\"OTP\":null}'),
(49,'Register','2026-02-06 03:38:04',NULL,'{\"FirstName\":\"Ronaldo Neil\",\"LastName\":\"Salcedo\",\"UserName\":\"RNCS\",\"Email\":\"caparasronaldo018@gmail.com\",\"ContactNo\":\"09673745627\",\"UserType\":\"S\",\"PassPreference\":\"email\",\"StoreName\":\"RNCS SHOP\"}','Seller registration successful! Temporary password and OTP sent via Email. Please verify your email.'),
(50,'VerifyOTP','2026-02-06 03:42:06',NULL,'{\"UserId\":3,\"OTP\":\"F9F9D926\"}','Invalid OTP or User ID.'),
(51,'VerifyOTP','2026-02-06 03:42:25',NULL,'{\"UserId\":4,\"OTP\":\"F9F9D926\"}','OTP verified successfully! Your email is now verified.'),
(52,'Login','2026-02-06 03:43:20',NULL,'{\"UserName\":\"RNCS\",\"Password\":\"F9F9D926\"}','Cannot Login! Credentials do not match'),
(53,'Login','2026-02-06 03:43:35',NULL,'{\"UserName\":\"RNCS\",\"Password\":\"5c33bd3c\"}','Welcome! Login Successful'),
(54,'Logout','2026-02-06 03:44:08',NULL,'{\"SessionKey\":\"5cb069b3-27e3-4ebc-af66-76cf5856116b\"}','Logout Successful'),
(55,'ChangePassword','2026-02-06 03:45:53',NULL,'{\"UserId\":4,\"SessionKey\":\"5cb069b3-27e3-4ebc-af66-76cf5856116b\",\"CurrentPassword\":\"5c33bd3c\",\"NewPassword\":\"neilsalcedojr\"}','{\"isSuccess\":false,\"Message\":\"Please login\"}'),
(56,'Login','2026-02-06 03:45:58',NULL,'{\"UserName\":\"RNCS\",\"Password\":\"5c33bd3c\"}','Welcome! Login Successful'),
(57,'ChangePassword','2026-02-06 03:46:01',NULL,'{\"UserId\":4,\"SessionKey\":\"5cb069b3-27e3-4ebc-af66-76cf5856116b\",\"CurrentPassword\":\"5c33bd3c\",\"NewPassword\":\"neilsalcedojr\"}','{\"isSuccess\":false,\"Message\":\"Please login\"}'),
(58,'ChangePassword','2026-02-06 03:46:12',NULL,'{\"UserId\":4,\"SessionKey\":\"095b890e-f4f2-4019-9f0b-13e2aeeb120b\",\"CurrentPassword\":\"5c33bd3c\",\"NewPassword\":\"neilsalcedojr\"}','{\"isSuccess\":true,\"Message\":\"Successfully changed password\"}'),
(59,'Login','2026-02-06 03:46:16',NULL,'{\"UserName\":\"RNCS\",\"Password\":\"5c33bd3c\"}','Cannot Login! Credentials do not match'),
(60,'Login','2026-02-06 03:46:22',NULL,'{\"UserName\":\"RNCS\",\"Password\":\"neilsalcedojr\"}','Welcome! Login Successful'),
(61,'ChangePassword','2026-02-06 03:47:51',NULL,'{\"UserId\":0,\"SessionKey\":null,\"CurrentPassword\":null,\"NewPassword\":null}','Please provide User ID'),
(62,'ChangePassword','2026-02-06 03:48:08',NULL,'{\"UserId\":4,\"SessionKey\":null,\"CurrentPassword\":null,\"NewPassword\":null}','Please provide session key'),
(63,'ForgotPassword','2026-02-06 03:48:21',NULL,'{\"Email\":\"caparasronaldo018@gmail.com\"}','Temporary password has been sent to your email'),
(64,'Register','2026-02-06 03:58:27',NULL,'{\"FirstName\":\"Ralph\",\"LastName\":\"Cruz\",\"UserName\":\"Sindel\",\"Email\":\"ralphcruz50@gmail.com\",\"ContactNo\":\"09673745627\",\"UserType\":\"B\",\"PassPreference\":\"email\",\"StoreName\":null}','Buyer registration successful! Temporary password sent via Email.'),
(65,'Login','2026-02-06 03:58:57',NULL,'{\"UserName\":\"Sindel\",\"Password\":\"372f1f25\"}','Welcome! Login Successful'),
(66,'Logout','2026-02-06 03:59:07',NULL,'{\"SessionKey\":\"fc8e18ed-bc3c-4bcd-8e64-a7d1265b6ed0\"}','Logout Successful'),
(67,'ChangePassword','2026-02-06 03:59:53',NULL,'{\"UserId\":1,\"SessionKey\":\"fc8e18ed-bc3c-4bcd-8e64-a7d1265b6ed0\",\"CurrentPassword\":\"372f1f25\",\"NewPassword\":\"ralphlaurencecruz\"}','{\"isSuccess\":false,\"Message\":\"Please login\"}'),
(68,'Login','2026-02-06 03:59:58',NULL,'{\"UserName\":\"Sindel\",\"Password\":\"372f1f25\"}','Welcome! Login Successful'),
(69,'ChangePassword','2026-02-06 04:00:09',NULL,'{\"UserId\":1,\"SessionKey\":\"7000e9c0-0855-4b77-855d-40a769f08464\",\"CurrentPassword\":\"372f1f25\",\"NewPassword\":\"ralphlaurencecruz\"}','{\"isSuccess\":true,\"Message\":\"Successfully changed password\"}'),
(70,'ForgotPassword','2026-02-06 04:00:20',NULL,'{\"Email\":\"ralphcruz50@gmail.com\"}','Temporary password has been sent to your email'),
(71,'Register','2026-02-06 04:08:28',NULL,'{\"FirstName\":\"Ralph\",\"LastName\":\"Cruz\",\"UserName\":\"Sindel\",\"Email\":\"ralphcruz50@gmail.com\",\"ContactNo\":\"09673745627\",\"UserType\":\"B\",\"PassPreference\":\"email\",\"StoreName\":null}','Buyer registration successful! Temporary password sent via Email.'),
(72,'ForgotPassword','2026-02-06 04:09:42',NULL,'{\"Email\":\"ralphcruz50@gmail.com\"}','Temporary password has been sent to your email'),
(73,'Login','2026-02-06 04:10:05',NULL,'{\"UserName\":\"Sindel\",\"Password\":\"b56846ff\"}','Welcome! Login Successful'),
(74,'ChangePassword','2026-02-06 04:10:31',NULL,'{\"UserId\":4,\"SessionKey\":\"2c1fcf4a-725d-4729-9deb-ec25758ad2b3\",\"CurrentPassword\":\"b56846ff\",\"NewPassword\":\"ralphlaurencecruz\"}','{\"isSuccess\":false,\"Message\":\"Please login\"}'),
(75,'Login','2026-02-06 04:10:47',NULL,'{\"UserName\":\"Sindel\",\"Password\":\"b56846ff\"}','Welcome! Login Successful'),
(76,'ChangePassword','2026-02-06 04:10:54',NULL,'{\"UserId\":4,\"SessionKey\":\"bd8d307d-0574-40fa-b829-2a0afa60c105\",\"CurrentPassword\":\"b56846ff\",\"NewPassword\":\"ralphlaurencecruz\"}','{\"isSuccess\":false,\"Message\":\"Please login\"}'),
(77,'Login','2026-02-06 04:11:16',NULL,'{\"UserName\":\"RNCS\",\"Password\":\"neilsalcedojr\"}','Cannot Login! Credentials do not match'),
(78,'ForgotPassword','2026-02-06 04:13:48',NULL,'{\"Email\":\"caparasronaldo018@gmail.com\"}','Temporary password has been sent to your email'),
(79,'Login','2026-02-06 04:14:08',NULL,'{\"UserName\":\"RNCS\",\"Password\":\"7aae2d27\"}','Welcome! Login Successful'),
(80,'ChangePassword','2026-02-06 04:14:34',NULL,'{\"UserId\":4,\"SessionKey\":\"bf00c7c6-72a3-44a7-af61-a5488c3ab444\",\"CurrentPassword\":\"7aae2d27\",\"NewPassword\":\"neilsalcedojr\"}','{\"isSuccess\":true,\"Message\":\"Successfully changed password\"}'),
(81,'Login','2026-02-06 04:14:51',NULL,'{\"UserName\":\"Sindel\",\"Password\":\"ralphlaurencecruz\"}','Cannot Login! Credentials do not match'),
(82,'Login','2026-02-06 04:16:24',NULL,'{\"UserName\":\"Sindel\",\"Password\":\"b56846ff\"}','Welcome! Login Successful'),
(83,'ChangePassword','2026-02-06 04:16:53',NULL,'{\"UserId\":4,\"SessionKey\":\"65f0a533-7430-489f-a028-08f716f81487\",\"CurrentPassword\":\"b56846ff\",\"NewPassword\":\"ralphlaurencecruz\"}','{\"isSuccess\":false,\"Message\":\"Please login\"}'),
(84,'Login','2026-02-06 04:21:01',NULL,'{\"UserName\":\"Sindel\",\"Password\":\"b56846ff\"}','Welcome! Login Successful'),
(85,'ChangePassword','2026-02-06 04:21:12',NULL,'{\"UserId\":4,\"SessionKey\":\"4d6365a1-9d26-4fb2-a299-1a101c7c4db8\",\"CurrentPassword\":\"b56846ff\",\"NewPassword\":\"ralphlaurencecruz\"}','{\"isSuccess\":false,\"Message\":\"Please login\"}'),
(86,'ChangePassword','2026-02-06 04:22:56',NULL,'{\"UserId\":4,\"SessionKey\":\"4d6365a1-9d26-4fb2-a299-1a101c7c4db8\",\"CurrentPassword\":\"b56846ff\",\"NewPassword\":\"ralphlaurencecruz\"}','{\"isSuccess\":false,\"Message\":\"Please login\"}'),
(87,'Login','2026-02-06 04:23:00',NULL,'{\"UserName\":\"Sindel\",\"Password\":\"b56846ff\"}','Welcome! Login Successful'),
(88,'ChangePassword','2026-02-06 04:23:08',NULL,'{\"UserId\":4,\"SessionKey\":\"850182d2-5b4b-44d8-82e3-e19862e0fd00\",\"CurrentPassword\":\"b56846ff\",\"NewPassword\":\"ralphlaurencecruz\"}','{\"isSuccess\":false,\"Message\":\"Please login\"}'),
(89,'ChangePassword','2026-02-06 04:24:20',NULL,'{\"UserId\":4,\"SessionKey\":\"850182d2-5b4b-44d8-82e3-e19862e0fd00\",\"CurrentPassword\":\"b56846ff\",\"NewPassword\":\"ralphlaurencecruz\"}','{\"isSuccess\":false,\"Message\":\"Please login\"}'),
(90,'ChangePassword','2026-02-06 04:29:57',NULL,'{\"UserId\":4,\"SessionKey\":\"850182d2-5b4b-44d8-82e3-e19862e0fd00\",\"CurrentPassword\":\"b56846ff\",\"NewPassword\":\"ralphlaurencecruz\"}','{\"isSuccess\":false,\"Message\":\"Please login\"}'),
(91,'ChangePassword','2026-02-06 04:34:14',NULL,'{\"UserId\":4,\"SessionKey\":\"850182d2-5b4b-44d8-82e3-e19862e0fd00\",\"CurrentPassword\":\"b56846ff\",\"NewPassword\":\"ralphlaurencecruz\"}','{\"isSuccess\":false,\"Message\":\"Please login\"}'),
(92,'ChangePassword','2026-02-06 04:35:35',NULL,'{\"UserId\":4,\"SessionKey\":\"850182d2-5b4b-44d8-82e3-e19862e0fd00\",\"CurrentPassword\":\"b56846ff\",\"NewPassword\":\"ralphlaurencecruz\"}','{\"isSuccess\":false,\"Message\":\"Please login\"}'),
(93,'Login','2026-02-06 04:38:46',NULL,'{\"UserName\":\"Sindel\",\"Password\":\"b56846ff\"}','Welcome! Login Successful'),
(94,'ChangePassword','2026-02-06 04:39:38',NULL,'{\"UserId\":4,\"SessionKey\":\"aaf9ed81-5cf8-4dc3-9300-78aff173fe4b\",\"CurrentPassword\":\"b56846ff\",\"NewPassword\":\"ralphlaurencecruz\"}','{\"isSuccess\":false,\"Message\":\"Please login\"}'),
(95,'ChangePassword','2026-02-06 04:43:08',NULL,'{\"UserId\":4,\"SessionKey\":\"aaf9ed81-5cf8-4dc3-9300-78aff173fe4b\",\"CurrentPassword\":\"b56846ff\",\"NewPassword\":\"ralphlaurencecruz\"}','{\"isSuccess\":true,\"Message\":\"Successfully changed password\"}'),
(96,'Login','2026-02-06 04:49:44',NULL,'{\"UserName\":\"Sindel\",\"Password\":\"b56846ff\"}','Cannot Login! Credentials do not match'),
(97,'Login','2026-02-06 04:49:51',NULL,'{\"UserName\":\"Sindel\",\"Password\":\"ralphlaurencecruz\"}','Welcome! Login Successful'),
(98,'Login','2026-02-06 04:50:02',NULL,'{\"UserName\":\"RNCS\",\"Password\":\"neilsalcedojr\"}','Welcome! Login Successful'),
(99,'ChangePassword','2026-02-06 04:50:18',NULL,'{\"UserId\":4,\"SessionKey\":\"3375d180-65b9-46af-8392-35273704ffba\",\"CurrentPassword\":\"ralphlaurencecruz\",\"NewPassword\":\"ralphlaurencecruzhaha\"}','{\"isSuccess\":true,\"Message\":\"Successfully changed password\"}'),
(100,'Login','2026-02-06 04:50:23',NULL,'{\"UserName\":\"RNCS\",\"Password\":\"neilsalcedojr\"}','Welcome! Login Successful'),
(101,'Login','2026-02-06 04:50:33',NULL,'{\"UserName\":\"Sindel\",\"Password\":\"ralphlaurencecruz\"}','Cannot Login! Credentials do not match'),
(102,'Login','2026-02-06 04:50:36',NULL,'{\"UserName\":\"Sindel\",\"Password\":\"ralphlaurencecruzhaha\"}','Welcome! Login Successful'),
(103,'Register','2026-02-06 04:58:16',NULL,'{\"FirstName\":\"Neil Joseph\",\"LastName\":\"Del Rosario\",\"UserName\":\"NeilJosephRonaldo\",\"Email\":\"neiljosephdelrosario@gmail.com\",\"ContactNo\":\"09673745627\",\"UserType\":\"S\",\"PassPreference\":\"email\",\"StoreName\":\"NEILJOSEPHJr.\"}','Seller registration successful! Temporary password and OTP sent via Email. Please verify your email.'),
(104,'VerifyOTP','2026-02-06 04:58:38',NULL,'{\"UserId\":5,\"OTP\":\"A8AA54A8\"}','OTP verified successfully! Your email is now verified.'),
(105,'Login','2026-02-06 04:59:08',NULL,'{\"UserName\":\"NeilJosephRonaldo\",\"Password\":\"1fc66cc8\"}','Welcome! Login Successful'),
(106,'Login','2026-02-06 04:59:40',NULL,'{\"UserName\":\"NeilJosephRonaldo\",\"Password\":\"1fc66cc8\"}','Welcome! Login Successful'),
(107,'GetProfile','2026-02-06 22:52:44',NULL,'{\"UserId\":0}','UserId required'),
(108,'GetProfile','2026-02-06 23:05:43',NULL,'{\"UserId\":5}','{\"isSuccess\":true,\"Message\":\"Profile of Seller\",\"UsersList\":[{\"UserId\":5,\"FirstName\":\"Neil Joseph\",\"LastName\":\"Del Rosario\",\"UserName\":\"NeilJosephRonaldo\",\"Status\":\"ACTIVE\",\"StoreName\":\"NEILJOSEPHJr.\"}]}'),
(109,'GetProfile','2026-02-06 23:05:53',NULL,'{\"UserId\":4}','{\"isSuccess\":true,\"Message\":\"Profile of Seller\",\"UsersList\":[{\"UserId\":4,\"FirstName\":\"Ronaldo Neil\",\"LastName\":\"Salcedo\",\"UserName\":\"RNCS\",\"Status\":\"ACTIVE\",\"StoreName\":\"RNCS SHOP\"}]}'),
(110,'RegisterSeller','2026-02-11 00:11:02',NULL,'{\"FirstName\":\"Marc Anthony\",\"LastName\":\"Zapata\",\"UserName\":\"Mtony\",\"Email\":\"mrcnthnyzpt@gmail.com\",\"ContactNo\":\"09673745627\",\"StoreName\":\"DI MAKAUSAD\"}','{\"isSuccess\":true,\"Message\":\"Seller registration successful! Temporary password and OTP sent via Email. Please verify your email.\",\"UserId\":6,\"TemporaryPassword\":\"f0cdd1f1\",\"OTP\":\"02DF46DB\"}'),
(111,'VerifyOTP','2026-02-11 00:13:56',NULL,'{\"UserId\":6,\"OTP\":\"02DF46DB\"}','{\"isSuccess\":true,\"Message\":\"OTP verified successfully! Your email is now verified.\"}'),
(112,'RequestNewOTP','2026-02-11 00:15:35',NULL,'{\"Email\":null}','Please provide Email'),
(113,'RequestNewOTP','2026-02-11 00:16:21',NULL,'{\"Email\":\"mrcnthnyzpt@gmail.com\"}','{\"isSuccess\":false,\"Message\":\"Seller not found or inactive\",\"UserId\":0,\"NewOTP\":null}'),
(114,'RegisterSeller','2026-02-11 00:16:43',NULL,'{\"FirstName\":\"Marc Anthony\",\"LastName\":\"Zapata\",\"UserName\":\"Mtony\",\"Email\":\"mrcnthnyzpt@gmail.com\",\"ContactNo\":\"09673745627\",\"StoreName\":\"DI MAKAUSAD\"}','{\"isSuccess\":false,\"Message\":\"Username or Email already exists in Seller accounts\",\"UserId\":0,\"TemporaryPassword\":null,\"OTP\":null}'),
(115,'RequestNewOTP','2026-02-11 00:16:48',NULL,'{\"Email\":\"mrcnthnyzpt@gmail.com\"}','{\"isSuccess\":false,\"Message\":\"Seller not found or inactive\",\"UserId\":0,\"NewOTP\":null}'),
(116,'RequestNewOTP','2026-02-11 00:17:39',NULL,'{\"Email\":\"mrcnthnyzpt@gmail.com\"}','{\"isSuccess\":true,\"Message\":\"New OTP sent to your email\",\"UserId\":6,\"NewOTP\":\"44A58E26\"}'),
(117,'VerifyOTP','2026-02-11 00:18:19',NULL,'{\"UserId\":6,\"OTP\":\"44A58E26\"}','{\"isSuccess\":true,\"Message\":\"OTP verified successfully! Your email is now verified.\"}'),
(118,'RequestNewOTP','2026-02-11 00:20:30',NULL,'{\"Email\":\"mrcnthnyzpt@gmail.com\"}','{\"isSuccess\":true,\"Message\":\"New OTP sent to your email\",\"UserId\":6,\"NewOTP\":\"2001377F\"}'),
(119,'VerifyOTP','2026-02-11 00:21:38',NULL,'{\"UserId\":6,\"OTP\":\"2001377F\"}','{\"isSuccess\":true,\"Message\":\"OTP verified successfully! Your email is now verified.\"}'),
(120,'RequestNewOTP','2026-02-11 00:24:00',NULL,'{\"Email\":\"mrcnthnyzpt@gmail.com\"}','{\"isSuccess\":true,\"Message\":\"New OTP sent to your email\",\"UserId\":6,\"NewOTP\":\"E7ECE77D\"}'),
(121,'RequestNewOTP','2026-02-11 00:34:52',NULL,'{\"Email\":\"mrcnthnyzpt@gmail.com\"}','{\"isSuccess\":true,\"Message\":\"New OTP sent to your email\",\"UserId\":6,\"NewOTP\":\"B194DFD1\"}'),
(122,'VerifyOTP','2026-02-11 00:35:32',NULL,'{\"UserId\":6,\"OTP\":\"B194DFD1\"}','{\"isSuccess\":true,\"Message\":\"OTP verified successfully! Your email is now verified.\"}'),
(123,'RequestNewOTP','2026-02-11 00:36:22',NULL,'{\"Email\":\"mrcnthnyzpt@gmail.com\"}','{\"isSuccess\":true,\"Message\":\"New OTP sent to your email\",\"UserId\":6,\"NewOTP\":\"4EAB8DD2\"}'),
(124,'VerifyOTP','2026-02-11 00:36:42',NULL,'{\"UserId\":6,\"OTP\":\"4EAB8DD2\"}','{\"isSuccess\":true,\"Message\":\"OTP verified successfully! Your email is now verified.\"}'),
(125,'ForgotPasswordSeller','2026-02-11 00:39:02',NULL,'{\"Email\":\"mrcnthnyzpt@gmail.com\"}','{\"isSuccess\":true,\"Message\":\"Temporary password has been sent to your email\",\"UserId\":6,\"TemporaryPassword\":\"8570320a\"}'),
(126,'LoginSeller','2026-02-11 00:39:14',NULL,'{\"UserName\":\"Mtony\",\"Password\":\"8570320a\"}','{\"isSuccess\":true,\"Message\":\"Welcome Seller! Login Successful\",\"UserId\":6,\"SessionKey\":\"92890246-4338-4d82-bea7-b30edd3fbc1f\",\"UserType\":\"S\"}'),
(127,'LogoutBuyer','2026-02-11 00:39:30',NULL,'{\"SessionKey\":\"92890246-4338-4d82-bea7-b30edd3fbc1f\"}','{\"isSuccess\":false,\"Message\":\"No active buyer session found\",\"LogoutDate\":null}'),
(128,'LogoutSeller','2026-02-11 00:39:39',NULL,'{\"SessionKey\":\"92890246-4338-4d82-bea7-b30edd3fbc1f\"}','{\"isSuccess\":true,\"Message\":\"Seller logout successful at 2026-02-11 00:39:39\",\"LogoutDate\":\"2026-02-11 00:39:39\"}'),
(129,'LoginBuyer','2026-02-11 00:39:59',NULL,'{\"UserName\":\"Mtony\",\"Password\":\"8570320a\"}','{\"isSuccess\":false,\"Message\":\"Buyer not found or inactive!\",\"UserId\":0,\"SessionKey\":null,\"UserType\":null}'),
(130,'LoginBuyer','2026-02-11 00:40:10',NULL,'{\"UserName\":\"Mtony\",\"Password\":\"8570320a\"}','{\"isSuccess\":false,\"Message\":\"Buyer not found or inactive!\",\"UserId\":0,\"SessionKey\":null,\"UserType\":null}'),
(131,'LoginBuyer','2026-02-11 00:41:39',NULL,'{\"UserName\":\"Mtony\",\"Password\":\"8570320a\"}','{\"isSuccess\":false,\"Message\":\"Buyer not found or inactive!\",\"UserId\":0,\"SessionKey\":null,\"UserType\":null}'),
(132,'LoginSeller','2026-02-11 00:44:16',NULL,'{\"UserName\":\"Mtony\",\"Password\":\"8570320a\"}','{\"isSuccess\":true,\"Message\":\"Welcome Seller! Login Successful\",\"UserId\":6,\"SessionKey\":\"c3806eac-514a-42fe-a600-bc661c5f2152\",\"UserType\":\"S\"}'),
(133,'LoginSeller','2026-02-11 00:44:40',NULL,'{\"UserName\":\"Mtony\",\"Password\":\"8570320a\"}','{\"isSuccess\":true,\"Message\":\"Welcome Seller! Login Successful\",\"UserId\":6,\"SessionKey\":\"13af19e4-88ec-428d-a514-c414f5eba870\",\"UserType\":\"S\"}'),
(134,'ChangePasswordSeller','2026-02-11 00:45:20',NULL,'{\"UserId\":6,\"SessionKey\":\"13af19e4-88ec-428d-a514-c414f5eba870\",\"CurrentPassword\":\"8570320a\",\"NewPassword\":\"mrcnthnyzpt\"}','{\"isSuccess\":true,\"Message\":\"Successfully changed seller password\"}'),
(135,'LoginSeller','2026-02-11 00:45:30',NULL,'{\"UserName\":\"Mtony\",\"Password\":\"8570320a\"}','{\"isSuccess\":false,\"Message\":\"Cannot Login! Credentials do not match\",\"UserId\":0,\"SessionKey\":null,\"UserType\":null}'),
(136,'LoginSeller','2026-02-11 00:45:40',NULL,'{\"UserName\":\"Mtony\",\"Password\":\"mrcnthnyzpt\"}','{\"isSuccess\":true,\"Message\":\"Welcome Seller! Login Successful\",\"UserId\":6,\"SessionKey\":\"79ac329b-842a-4b47-b7c4-0f2bb88345e6\",\"UserType\":\"S\"}'),
(137,'RegisterBuyer','2026-02-11 03:03:35',NULL,'{\"FirstName\":\"Ralph Laurence\",\"LastName\":\"Cruz\",\"UserName\":\"Sindel\",\"Email\":\"ralplaurence50@gmail.com\",\"ContactNo\":\"09673745627\",\"PassPreference\":\"email\"}','{\"isSuccess\":false,\"Message\":\"Username or Email already exists in Buyer accounts\",\"UserId\":0,\"TemporaryPassword\":null,\"OTP\":null}'),
(138,'RegisterBuyer','2026-02-11 03:03:59',NULL,'{\"FirstName\":\"Ralph Laurence\",\"LastName\":\"Cruz\",\"UserName\":\"Sindel\",\"Email\":\"ralplaurence50@gmail.com\",\"ContactNo\":\"09673745627\",\"PassPreference\":\"email\"}','{\"isSuccess\":true,\"Message\":\"Buyer registration successful! Temporary password sent via Email.\",\"UserId\":6,\"TemporaryPassword\":\"152e8c99\",\"OTP\":null}'),
(139,'LoginBuyer','2026-02-11 03:08:22',NULL,'{\"UserName\":\"Sindel\",\"Password\":\"152e8c99\"}','{\"isSuccess\":true,\"Message\":\"Welcome Buyer! Login Successful\",\"UserId\":6,\"SessionKey\":\"550ea174-9e2e-4b93-88c3-4224384bc4d4\",\"UserType\":\"B\"}'),
(140,'LogoutBuyer','2026-02-11 03:08:36',NULL,'{\"SessionKey\":\"550ea174-9e2e-4b93-88c3-4224384bc4d4\"}','{\"isSuccess\":true,\"Message\":\"Buyer logout successful at 2026-02-11 03:08:36\",\"LogoutDate\":\"2026-02-11 03:08:36\"}'),
(141,'ChangePasswordSeller','2026-02-11 03:11:17',NULL,'{\"UserId\":5,\"SessionKey\":\"550ea174-9e2e-4b93-88c3-4224384bc4d4\",\"CurrentPassword\":\"152e8c99\",\"NewPassword\":\"ralphlaurencecruzhaha\"}','{\"isSuccess\":false,\"Message\":\"Invalid seller session\"}'),
(142,'LoginBuyer','2026-02-11 03:11:23',NULL,'{\"UserName\":\"Sindel\",\"Password\":\"152e8c99\"}','{\"isSuccess\":true,\"Message\":\"Welcome Buyer! Login Successful\",\"UserId\":6,\"SessionKey\":\"dfad06d7-a4d8-46c2-8e11-5d649ff9362e\",\"UserType\":\"B\"}'),
(143,'ChangePasswordSeller','2026-02-11 03:11:35',NULL,'{\"UserId\":5,\"SessionKey\":\"dfad06d7-a4d8-46c2-8e11-5d649ff9362e\",\"CurrentPassword\":\"152e8c99\",\"NewPassword\":\"ralphlaurencecruzhaha\"}','{\"isSuccess\":false,\"Message\":\"Invalid seller session\"}'),
(144,'ChangePasswordSeller','2026-02-11 03:11:38',NULL,'{\"UserId\":5,\"SessionKey\":\"dfad06d7-a4d8-46c2-8e11-5d649ff9362e\",\"CurrentPassword\":\"152e8c99\",\"NewPassword\":\"ralphlaurencecruzhaha\"}','{\"isSuccess\":false,\"Message\":\"Invalid seller session\"}'),
(145,'ChangePasswordBuyer','2026-02-11 03:11:47',NULL,'{\"UserId\":5,\"SessionKey\":\"dfad06d7-a4d8-46c2-8e11-5d649ff9362e\",\"CurrentPassword\":\"152e8c99\",\"NewPassword\":\"ralphlaurencecruzhaha\"}','{\"isSuccess\":false,\"Message\":\"User ID does not match session\"}'),
(146,'ChangePasswordBuyer','2026-02-11 03:12:00',NULL,'{\"UserId\":6,\"SessionKey\":\"dfad06d7-a4d8-46c2-8e11-5d649ff9362e\",\"CurrentPassword\":\"152e8c99\",\"NewPassword\":\"ralphlaurencecruzhaha\"}','{\"isSuccess\":true,\"Message\":\"Successfully changed buyer password\"}'),
(147,'ForgotPasswordBuyer','2026-02-11 03:12:21',NULL,'{\"Email\":\"ralplaurence50@gmail.com\"}','{\"isSuccess\":true,\"Message\":\"Temporary password has been sent to your email\",\"UserId\":6,\"TemporaryPassword\":\"9aa49130\"}'),
(148,'LoginSeller','2026-02-12 00:15:35',NULL,'{\"UserName\":\"Mtony\",\"Password\":\"mrcnthnyzpt\"}','{\"isSuccess\":true,\"Message\":\"Welcome Seller! Login Successful\",\"UserId\":6,\"SessionKey\":\"b834b86f-4bf8-4558-bab7-d3bc8780f6e5\",\"UserType\":\"S\"}'),
(149,'AddProduct','2026-02-12 00:15:53',NULL,'{\"SellerId\":1,\"SessionKey\":\"b834b86f-4bf8-4558-bab7-d3bc8780f6e5\",\"ProductName\":\"iPhone 15 Pro\",\"ProductDescription\":\"Latest Apple smartphone with A17 chip, titanium body\",\"Price\":69999.99,\"Quantity\":50,\"Category\":\"Electronics\",\"Brand\":\"Apple\"}','{\"isSuccess\":false,\"Message\":\"Session does not match seller ID\",\"ProductId\":0}'),
(150,'AddProduct','2026-02-12 00:20:40',NULL,'{\"SellerId\":6,\"SessionKey\":\"b834b86f-4bf8-4558-bab7-d3bc8780f6e5\",\"ProductName\":\"iPhone 15 Pro\",\"ProductDescription\":\"Latest Apple smartphone with A17 chip, titanium body\",\"Price\":69999.99,\"Quantity\":50,\"Category\":\"Electronics\",\"Brand\":\"Apple\"}','{\"isSuccess\":true,\"Message\":\"Product added successfully\",\"ProductId\":1}'),
(151,'UpdateProduct','2026-02-12 00:21:43',NULL,'{\"SellerId\":6,\"SessionKey\":\"b834b86f-4bf8-4558-bab7-d3bc8780f6e5\",\"ProductId\":0,\"ProductName\":\"iPhone 15 Pro\",\"ProductDescription\":\"Latest Apple smartphone with A17 chip, titanium body\",\"Price\":69999.99,\"Quantity\":50,\"Category\":\"Electronics\",\"Brand\":\"Apple\"}','Please provide Product ID'),
(152,'UpdateProduct','2026-02-12 00:22:55',NULL,'{\"SellerId\":6,\"SessionKey\":\"b834b86f-4bf8-4558-bab7-d3bc8780f6e5\",\"ProductId\":1,\"ProductName\":null,\"ProductDescription\":null,\"Price\":74999.99,\"Quantity\":100,\"Category\":null,\"Brand\":null}','{\"isSuccess\":true,\"Message\":\"Product updated successfully\",\"ProductId\":1}'),
(153,'GetSellerProducts','2026-02-12 00:27:14',NULL,'{\"SellerId\":6,\"SessionKey\":\"b834b86f-4bf8-4558-bab7-d3bc8780f6e5\"}','{\"isSuccess\":true,\"Message\":\"Products retrieved successfully\",\"ProductsList\":[{\"ProductId\":1,\"SellerId\":6,\"ProductName\":\"iPhone 15 Pro\",\"ProductDescription\":\"Latest Apple smartphone with A17 chip, titanium body\",\"Price\":74999.99,\"Quantity\":100,\"Category\":\"1\",\"Brand\":\"Apple\",\"Status\":\"ACTIVE\",\"DateAdded\":\"2026-02-12T00:20:41\"}],\"TotalCount\":1,\"Page\":0,\"PageSize\":0}'),
(154,'GetSellerProducts','2026-02-12 00:29:22',NULL,'{\"SellerId\":6,\"SessionKey\":\"b834b86f-4bf8-4558-bab7-d3bc8780f6e5\"}','{\"isSuccess\":true,\"Message\":\"Products retrieved successfully\",\"ProductsList\":[{\"ProductId\":1,\"SellerId\":6,\"ProductName\":\"iPhone 15 Pro\",\"ProductDescription\":\"Latest Apple smartphone with A17 chip, titanium body\",\"Price\":74999.99,\"Quantity\":100,\"Category\":\"Electronics\",\"Brand\":\"Apple\",\"Status\":\"ACTIVE\",\"DateAdded\":\"2026-02-12T00:20:41\"}],\"TotalCount\":1}'),
(155,'RegisterBuyer','2026-02-12 00:56:14',NULL,'{\"FirstName\":\"Ralph Laurence\",\"LastName\":\"Cruz\",\"UserName\":\"Sindel\",\"Email\":\"ralplaurence50@gmail.com\",\"ContactNo\":\"09673745627\",\"PassPreference\":\"email\"}','{\"isSuccess\":false,\"Message\":\"Username or Email already exists in Buyer accounts\",\"UserId\":0,\"TemporaryPassword\":null,\"OTP\":null}'),
(156,'RegisterBuyer','2026-02-12 00:56:34',NULL,'{\"FirstName\":\"Ralph Laurence\",\"LastName\":\"Cruz\",\"UserName\":\"Sindel2\",\"Email\":\"ralplaurence50@gmail.com\",\"ContactNo\":\"09673745627\",\"PassPreference\":\"email\"}','{\"isSuccess\":false,\"Message\":\"Username or Email already exists in Buyer accounts\",\"UserId\":0,\"TemporaryPassword\":null,\"OTP\":null}'),
(157,'RegisterBuyer','2026-02-12 01:01:53',NULL,'{\"FirstName\":\"Ralph Laurence\",\"LastName\":\"Cruz\",\"UserName\":\"Sindel2\",\"Email\":\"ralplaurence50@gmail.com\",\"ContactNo\":\"09673745627\",\"PassPreference\":\"email\"}','{\"isSuccess\":true,\"Message\":\"Buyer registration successful! Temporary password sent via Email.\",\"UserId\":9,\"TemporaryPassword\":\"b4369623\",\"OTP\":null}'),
(158,'GetSellerProducts','2026-02-12 03:42:24',NULL,'{\"SellerId\":0,\"SessionKey\":null}','Please provide Seller ID'),
(159,'GetProductsByCategory','2026-02-12 03:42:42',NULL,'{\"CategoryId\":6}','{\"isSuccess\":true,\"Message\":\"No products found in this category\",\"CategoryId\":6,\"CategoryName\":\"Toys\",\"ProductsList\":[],\"TotalCount\":0}'),
(160,'GetProductsByCategory','2026-02-12 03:42:47',NULL,'{\"CategoryId\":1}','{\"isSuccess\":true,\"Message\":\"Products retrieved successfully\",\"CategoryId\":1,\"CategoryName\":\"Electronics\",\"ProductsList\":[{\"ProductId\":1,\"SellerId\":6,\"ProductName\":\"iPhone 15 Pro\",\"ProductDescription\":\"Latest Apple smartphone with A17 chip, titanium body\",\"Price\":74999.99,\"Quantity\":100,\"Category\":\"Electronics\",\"Brand\":\"Apple\",\"Status\":\"ACTIVE\",\"StoreName\":\"DI MAKAUSAD\",\"SellerName\":\"Marc Anthony Zapata\",\"DateAdded\":\"2026-02-12T00:20:41\"}],\"TotalCount\":1}'),
(161,'GetSellerProducts','2026-02-12 03:47:06',NULL,'{\"SellerId\":6,\"SessionKey\":\"b834b86f-4bf8-4558-bab7-d3bc8780f6e5\"}','{\"isSuccess\":true,\"Message\":\"Products retrieved successfully\",\"ProductsList\":[{\"ProductId\":1,\"SellerId\":6,\"ProductName\":\"iPhone 15 Pro\",\"ProductDescription\":\"Latest Apple smartphone with A17 chip, titanium body\",\"Price\":74999.99,\"Quantity\":100,\"Category\":\"Electronics\",\"Brand\":\"Apple\",\"Status\":\"ACTIVE\",\"StoreName\":null,\"SellerName\":null,\"DateAdded\":\"2026-02-12T00:20:41\"}],\"TotalCount\":1}'),
(162,'GetSellerProducts','2026-02-12 03:47:14',NULL,'{\"SellerId\":3,\"SessionKey\":\"b834b86f-4bf8-4558-bab7-d3bc8780f6e5\"}','{\"isSuccess\":false,\"Message\":\"Session does not match seller ID\",\"ProductsList\":null,\"TotalCount\":0}'),
(163,'SearchProducts','2026-02-12 03:48:13',NULL,'{\"Keyword\":\"Ip\"}','{\"isSuccess\":true,\"Message\":\"Products retrieved successfully\",\"ProductsList\":[{\"ProductId\":1,\"SellerId\":6,\"ProductName\":\"iPhone 15 Pro\",\"ProductDescription\":\"Latest Apple smartphone with A17 chip, titanium body\",\"Price\":74999.99,\"Quantity\":100,\"Category\":\"Electronics\",\"Brand\":\"Apple\",\"Status\":\"ACTIVE\",\"StoreName\":\"DI MAKAUSAD\",\"SellerName\":\"Marc Anthony Zapata\",\"DateAdded\":\"2026-02-12T00:20:41\"}],\"TotalCount\":1}'),
(164,'LoginSeller','2026-02-12 04:04:37',NULL,'{\"UserName\":\"RNCS\",\"Password\":\"neilsalcedojr\"}','{\"isSuccess\":true,\"Message\":\"Welcome Seller! Login Successful\",\"UserId\":4,\"SessionKey\":\"0e72eba5-0fb2-4083-acd5-e5c79c4d6ef0\",\"UserType\":\"S\"}'),
(165,'AddProduct','2026-02-12 04:06:15',NULL,'{\"SellerId\":4,\"SessionKey\":\"0e72eba5-0fb2-4083-acd5-e5c79c4d6ef0\",\"ProductName\":\"Black Tshirt\",\"ProductDescription\":\"Black Cotton Tshirt\",\"Price\":159.99,\"Quantity\":500,\"Category\":\"Clothing\",\"Brand\":\"Uniqlo\"}','{\"isSuccess\":true,\"Message\":\"Product added successfully\",\"ProductId\":2}'),
(166,'AddProduct','2026-02-12 04:07:38',NULL,'{\"SellerId\":4,\"SessionKey\":\"0e72eba5-0fb2-4083-acd5-e5c79c4d6ef0\",\"ProductName\":\"Samsung 55-inch 4K Smart TV\",\"ProductDescription\":\"55-inch Crystal UHD 4K Smart TV, HDR, Alexa built-in\",\"Price\":34990.00,\"Quantity\":10,\"Category\":\"Electronics\",\"Brand\":\"Samsung\"}','{\"isSuccess\":true,\"Message\":\"Product added successfully\",\"ProductId\":3}'),
(167,'AddProduct','2026-02-12 04:07:43',NULL,'{\"SellerId\":4,\"SessionKey\":\"0e72eba5-0fb2-4083-acd5-e5c79c4d6ef0\",\"ProductName\":\"Men\'s Running Shoes\",\"ProductDescription\":\"Lightweight breathable mesh, cushioned sole, size 42\",\"Price\":2499.00,\"Quantity\":45,\"Category\":\"Clothing\",\"Brand\":\"Nike\"}','{\"isSuccess\":true,\"Message\":\"Product added successfully\",\"ProductId\":4}'),
(168,'AddProduct','2026-02-12 04:07:48',NULL,'{\"SellerId\":4,\"SessionKey\":\"0e72eba5-0fb2-4083-acd5-e5c79c4d6ef0\",\"ProductName\":\"Non-stick Frying Pan Set\",\"ProductDescription\":\"3-piece set, granite coating, induction compatible\",\"Price\":1899.00,\"Quantity\":30,\"Category\":\"Home & Living\",\"Brand\":\"Tefal\"}','{\"isSuccess\":true,\"Message\":\"Product added successfully\",\"ProductId\":5}'),
(169,'AddProduct','2026-02-12 04:07:52',NULL,'{\"SellerId\":4,\"SessionKey\":\"0e72eba5-0fb2-4083-acd5-e5c79c4d6ef0\",\"ProductName\":\"Atomic Habits\",\"ProductDescription\":\"James Clear - An Easy & Proven Way to Build Good Habits & Break Bad Ones\",\"Price\":899.00,\"Quantity\":50,\"Category\":\"Books\",\"Brand\":\"Penguin Random House\"}','{\"isSuccess\":true,\"Message\":\"Product added successfully\",\"ProductId\":6}'),
(170,'AddProduct','2026-02-12 04:07:57',NULL,'{\"SellerId\":4,\"SessionKey\":\"0e72eba5-0fb2-4083-acd5-e5c79c4d6ef0\",\"ProductName\":\"Matte Liquid Lipstick\",\"ProductDescription\":\"Long-lasting, highly pigmented, shade: Ruby Woo\",\"Price\":450.00,\"Quantity\":120,\"Category\":\"Beauty\",\"Brand\":\"MAC\"}','{\"isSuccess\":true,\"Message\":\"Product added successfully\",\"ProductId\":7}'),
(171,'AddProduct','2026-02-12 04:08:02',NULL,'{\"SellerId\":4,\"SessionKey\":\"0e72eba5-0fb2-4083-acd5-e5c79c4d6ef0\",\"ProductName\":\"Yoga Mat\",\"ProductDescription\":\"Eco-friendly, non-slip, 6mm thickness, with carry strap\",\"Price\":1299.00,\"Quantity\":60,\"Category\":\"Sports\",\"Brand\":\"Liforme\"}','{\"isSuccess\":true,\"Message\":\"Product added successfully\",\"ProductId\":8}'),
(172,'AddProduct','2026-02-12 04:08:06',NULL,'{\"SellerId\":4,\"SessionKey\":\"0e72eba5-0fb2-4083-acd5-e5c79c4d6ef0\",\"ProductName\":\"Pure Honey\",\"ProductDescription\":\"100% organic raw honey, 500ml, no additives\",\"Price\":350.00,\"Quantity\":200,\"Category\":\"Food & Beverages\",\"Brand\":\"Healthy Options\"}','{\"isSuccess\":true,\"Message\":\"Product added successfully\",\"ProductId\":9}'),
(173,'AddProduct','2026-02-12 04:08:11',NULL,'{\"SellerId\":4,\"SessionKey\":\"0e72eba5-0fb2-4083-acd5-e5c79c4d6ef0\",\"ProductName\":\"Remote Control Car\",\"ProductDescription\":\"1:18 scale, 2.4GHz, off-road, rechargeable battery\",\"Price\":1599.00,\"Quantity\":25,\"Category\":\"Toys\",\"Brand\":\"Traxxas\"}','{\"isSuccess\":true,\"Message\":\"Product added successfully\",\"ProductId\":10}'),
(174,'AddProduct','2026-02-12 04:09:07',NULL,'{\"SellerId\":4,\"SessionKey\":\"0e72eba5-0fb2-4083-acd5-e5c79c4d6ef0\",\"ProductName\":\"Car Dash Camera\",\"ProductDescription\":\"1080p Full HD, night vision, loop recording, G-sensor\",\"Price\":2299.00,\"Quantity\":35,\"Category\":\"Automotive\",\"Brand\":\"Xiaomi\"}','{\"isSuccess\":true,\"Message\":\"Product added successfully\",\"ProductId\":11}'),
(175,'AddProduct','2026-02-12 04:09:12',NULL,'{\"SellerId\":4,\"SessionKey\":\"0e72eba5-0fb2-4083-acd5-e5c79c4d6ef0\",\"ProductName\":\"Cat Tree Tower\",\"ProductDescription\":\"Multi-level with scratching posts, plush perches, 150cm height\",\"Price\":3299.00,\"Quantity\":15,\"Category\":\"Pets\",\"Brand\":\"PawHut\"}','{\"isSuccess\":true,\"Message\":\"Product added successfully\",\"ProductId\":12}'),
(176,'LoginSeller','2026-02-12 04:09:24',NULL,'{\"UserName\":\"Mtony\",\"Password\":\"mrcnthnyzpt\"}','{\"isSuccess\":true,\"Message\":\"Welcome Seller! Login Successful\",\"UserId\":6,\"SessionKey\":\"d5f18b80-4115-45ce-9860-cddd35833798\",\"UserType\":\"S\"}'),
(177,'AddProduct','2026-02-12 04:09:57',NULL,'{\"SellerId\":6,\"SessionKey\":\"d5f18b80-4115-45ce-9860-cddd35833798\",\"ProductName\":\"MacBook Pro 14-inch\",\"ProductDescription\":\"Apple M3 chip, 16GB RAM, 512GB SSD, Space Gray\",\"Price\":129990.00,\"Quantity\":8,\"Category\":\"Electronics\",\"Brand\":\"Apple\"}','{\"isSuccess\":true,\"Message\":\"Product added successfully\",\"ProductId\":13}'),
(178,'AddProduct','2026-02-12 04:10:01',NULL,'{\"SellerId\":6,\"SessionKey\":\"d5f18b80-4115-45ce-9860-cddd35833798\",\"ProductName\":\"Women\'s Sneakers\",\"ProductDescription\":\"White leather platform sneakers, lace-up, cushioned insole\",\"Price\":3299.00,\"Quantity\":35,\"Category\":\"Clothing\",\"Brand\":\"Adidas\"}','{\"isSuccess\":true,\"Message\":\"Product added successfully\",\"ProductId\":14}'),
(179,'AddProduct','2026-02-12 04:10:05',NULL,'{\"SellerId\":6,\"SessionKey\":\"d5f18b80-4115-45ce-9860-cddd35833798\",\"ProductName\":\"Air Purifier\",\"ProductDescription\":\"HEPA filter, covers 40sqm, quiet operation, air quality indicator\",\"Price\":5999.00,\"Quantity\":12,\"Category\":\"Home & Living\",\"Brand\":\"Sharp\"}','{\"isSuccess\":true,\"Message\":\"Product added successfully\",\"ProductId\":15}'),
(180,'AddProduct','2026-02-12 04:10:09',NULL,'{\"SellerId\":6,\"SessionKey\":\"d5f18b80-4115-45ce-9860-cddd35833798\",\"ProductName\":\"Rich Dad Poor Dad\",\"ProductDescription\":\"Robert Kiyosaki - What the Rich Teach Their Kids About Money\",\"Price\":699.00,\"Quantity\":80,\"Category\":\"Books\",\"Brand\":\"Plata Publishing\"}','{\"isSuccess\":true,\"Message\":\"Product added successfully\",\"ProductId\":16}'),
(181,'AddProduct','2026-02-12 04:10:13',NULL,'{\"SellerId\":6,\"SessionKey\":\"d5f18b80-4115-45ce-9860-cddd35833798\",\"ProductName\":\"Perfume for Women\",\"ProductDescription\":\"Floral fragrance, 100ml, notes of rose and jasmine\",\"Price\":4599.00,\"Quantity\":20,\"Category\":\"Beauty\",\"Brand\":\"Dior\"}','{\"isSuccess\":true,\"Message\":\"Product added successfully\",\"ProductId\":17}'),
(182,'AddProduct','2026-02-12 04:10:17',NULL,'{\"SellerId\":6,\"SessionKey\":\"d5f18b80-4115-45ce-9860-cddd35833798\",\"ProductName\":\"Fitness Tracker\",\"ProductDescription\":\"Heart rate monitor, step counter, sleep tracking, waterproof\",\"Price\":2499.00,\"Quantity\":45,\"Category\":\"Sports\",\"Brand\":\"Xiaomi\"}','{\"isSuccess\":true,\"Message\":\"Product added successfully\",\"ProductId\":18}'),
(183,'AddProduct','2026-02-12 04:10:22',NULL,'{\"SellerId\":6,\"SessionKey\":\"d5f18b80-4115-45ce-9860-cddd35833798\",\"ProductName\":\"Board Game - Catan\",\"ProductDescription\":\"Strategy game, 3-4 players, 60 minute play time\",\"Price\":1899.00,\"Quantity\":25,\"Category\":\"Toys\",\"Brand\":\"Catan Studio\"}','{\"isSuccess\":true,\"Message\":\"Product added successfully\",\"ProductId\":19}'),
(184,'AddProduct','2026-02-12 04:10:28',NULL,'{\"SellerId\":6,\"SessionKey\":\"d5f18b80-4115-45ce-9860-cddd35833798\",\"ProductName\":\"Ergonomic Office Chair\",\"ProductDescription\":\"Mesh back, lumbar support, adjustable armrest, breathable\",\"Price\":7999.00,\"Quantity\":15,\"Category\":\"Office Supplies\",\"Brand\":\"Sihoo\"}','{\"isSuccess\":true,\"Message\":\"Product added successfully\",\"ProductId\":20}'),
(185,'LogoutSeller','2026-02-12 04:10:48',NULL,'{\"SessionKey\":\"c79bcd25-263c-44a7-9754-68148e8c736a\"}','{\"isSuccess\":true,\"Message\":\"Seller logout successful at 2026-02-12 04:10:48\",\"LogoutDate\":\"2026-02-12 04:10:48\"}'),
(186,'LogoutSeller','2026-02-12 04:10:59',NULL,'{\"SessionKey\":\"0e72eba5-0fb2-4083-acd5-e5c79c4d6ef0\"}','{\"isSuccess\":true,\"Message\":\"Seller logout successful at 2026-02-12 04:10:59\",\"LogoutDate\":\"2026-02-12 04:10:59\"}'),
(187,'LogoutSeller','2026-02-12 04:11:07',NULL,'{\"SessionKey\":\"d5f18b80-4115-45ce-9860-cddd35833798\"}','{\"isSuccess\":true,\"Message\":\"Seller logout successful at 2026-02-12 04:11:07\",\"LogoutDate\":\"2026-02-12 04:11:07\"}'),
(188,'ForgotPasswordSeller','2026-02-12 04:11:23',NULL,'{\"Email\":\"neiljosephdelrosario@gmail.com\"}','{\"isSuccess\":true,\"Message\":\"Temporary password has been sent to your email\",\"UserId\":5,\"TemporaryPassword\":\"16e50055\"}'),
(189,'LoginSeller','2026-02-12 04:11:54',NULL,'{\"UserName\":\"NeilJosephRonaldo\",\"Password\":\"16e50055\"}','{\"isSuccess\":true,\"Message\":\"Welcome Seller! Login Successful\",\"UserId\":5,\"SessionKey\":\"6e54ae39-90fd-40b7-a895-6e034571e429\",\"UserType\":\"S\"}'),
(190,'LoginSeller','2026-02-12 04:11:59',NULL,'{\"UserName\":\"NeilJosephRonaldo\",\"Password\":\"16e50055\"}','{\"isSuccess\":true,\"Message\":\"Welcome Seller! Login Successful\",\"UserId\":5,\"SessionKey\":\"fee76408-fd24-4449-bd25-e86dabd035b1\",\"UserType\":\"S\"}'),
(191,'AddProduct','2026-02-12 04:12:31',NULL,'{\"SellerId\":5,\"SessionKey\":\"fee76408-fd24-4449-bd25-e86dabd035b1\",\"ProductName\":\"iPad Air 5th Gen\",\"ProductDescription\":\"10.9-inch Liquid Retina display, M1 chip, 64GB, Wi-Fi\",\"Price\":34990.00,\"Quantity\":15,\"Category\":\"Electronics\",\"Brand\":\"Apple\"}','{\"isSuccess\":true,\"Message\":\"Product added successfully\",\"ProductId\":21}'),
(192,'AddProduct','2026-02-12 04:12:35',NULL,'{\"SellerId\":5,\"SessionKey\":\"fee76408-fd24-4449-bd25-e86dabd035b1\",\"ProductName\":\"Summer Dress\",\"ProductDescription\":\"Floral print, midi length, adjustable straps, lightweight fabric\",\"Price\":1299.00,\"Quantity\":60,\"Category\":\"Clothing\",\"Brand\":\"Zara\"}','{\"isSuccess\":true,\"Message\":\"Product added successfully\",\"ProductId\":22}'),
(193,'AddProduct','2026-02-12 04:12:40',NULL,'{\"SellerId\":5,\"SessionKey\":\"fee76408-fd24-4449-bd25-e86dabd035b1\",\"ProductName\":\"48 Laws of Power\",\"ProductDescription\":\"Robert Greene - Amoral, cunning, and practical lessons\",\"Price\":1599.00,\"Quantity\":45,\"Category\":\"Books\",\"Brand\":\"Penguin\"}','{\"isSuccess\":true,\"Message\":\"Product added successfully\",\"ProductId\":23}'),
(194,'AddProduct','2026-02-12 04:12:45',NULL,'{\"SellerId\":5,\"SessionKey\":\"fee76408-fd24-4449-bd25-e86dabd035b1\",\"ProductName\":\"Adjustable Dumbbell Set\",\"ProductDescription\":\"2-in-1, 20kg total, non-slip grip, space-saving\",\"Price\":4499.00,\"Quantity\":20,\"Category\":\"Sports\",\"Brand\":\"Bowflex\"}','{\"isSuccess\":true,\"Message\":\"Product added successfully\",\"ProductId\":24}'),
(195,'AddProduct','2026-02-12 04:12:50',NULL,'{\"SellerId\":5,\"SessionKey\":\"fee76408-fd24-4449-bd25-e86dabd035b1\",\"ProductName\":\"Rubik\'s Cube\",\"ProductDescription\":\"3x3 speed cube, stickerless, smooth rotation\",\"Price\":450.00,\"Quantity\":100,\"Category\":\"Toys\",\"Brand\":\"Gan Cube\"}','{\"isSuccess\":true,\"Message\":\"Product added successfully\",\"ProductId\":25}'),
(196,'GetSellerProducts','2026-02-12 04:13:38',NULL,'{\"SellerId\":5,\"SessionKey\":\"fee76408-fd24-4449-bd25-e86dabd035b1\"}','{\"isSuccess\":true,\"Message\":\"Products retrieved successfully\",\"ProductsList\":[{\"ProductId\":25,\"SellerId\":5,\"ProductName\":\"Rubik\'s Cube\",\"ProductDescription\":\"3x3 speed cube, stickerless, smooth rotation\",\"Price\":450.00,\"Quantity\":100,\"Category\":\"Toys\",\"Brand\":\"Gan Cube\",\"Status\":\"ACTIVE\",\"StoreName\":null,\"SellerName\":null,\"DateAdded\":\"2026-02-12T04:12:50\"},{\"ProductId\":24,\"SellerId\":5,\"ProductName\":\"Adjustable Dumbbell Set\",\"ProductDescription\":\"2-in-1, 20kg total, non-slip grip, space-saving\",\"Price\":4499.00,\"Quantity\":20,\"Category\":\"Sports\",\"Brand\":\"Bowflex\",\"Status\":\"ACTIVE\",\"StoreName\":null,\"SellerName\":null,\"DateAdded\":\"2026-02-12T04:12:45\"},{\"ProductId\":23,\"SellerId\":5,\"ProductName\":\"48 Laws of Power\",\"ProductDescription\":\"Robert Greene - Amoral, cunning, and practical lessons\",\"Price\":1599.00,\"Quantity\":45,\"Category\":\"Books\",\"Brand\":\"Penguin\",\"Status\":\"ACTIVE\",\"StoreName\":null,\"SellerName\":null,\"DateAdded\":\"2026-02-12T04:12:40\"},{\"ProductId\":22,\"SellerId\":5,\"ProductName\":\"Summer Dress\",\"ProductDescription\":\"Floral print, midi length, adjustable straps, lightweight fabric\",\"Price\":1299.00,\"Quantity\":60,\"Category\":\"Clothing\",\"Brand\":\"Zara\",\"Status\":\"ACTIVE\",\"StoreName\":null,\"SellerName\":null,\"DateAdded\":\"2026-02-12T04:12:35\"},{\"ProductId\":21,\"SellerId\":5,\"ProductName\":\"iPad Air 5th Gen\",\"ProductDescription\":\"10.9-inch Liquid Retina display, M1 chip, 64GB, Wi-Fi\",\"Price\":34990.00,\"Quantity\":15,\"Category\":\"Electronics\",\"Brand\":\"Apple\",\"Status\":\"ACTIVE\",\"StoreName\":null,\"SellerName\":null,\"DateAdded\":\"2026-02-12T04:12:31\"}],\"TotalCount\":5}'),
(197,'GetProductsByCategory','2026-02-12 04:13:50',NULL,'{\"CategoryId\":4}','{\"isSuccess\":true,\"Message\":\"Products retrieved successfully\",\"CategoryId\":4,\"CategoryName\":\"Sports\",\"ProductsList\":[{\"ProductId\":24,\"SellerId\":5,\"ProductName\":\"Adjustable Dumbbell Set\",\"ProductDescription\":\"2-in-1, 20kg total, non-slip grip, space-saving\",\"Price\":4499.00,\"Quantity\":20,\"Category\":\"Sports\",\"Brand\":\"Bowflex\",\"Status\":\"ACTIVE\",\"StoreName\":\"NEILJOSEPHJr.\",\"SellerName\":\"Neil Joseph Del Rosario\",\"DateAdded\":\"2026-02-12T04:12:45\"},{\"ProductId\":18,\"SellerId\":6,\"ProductName\":\"Fitness Tracker\",\"ProductDescription\":\"Heart rate monitor, step counter, sleep tracking, waterproof\",\"Price\":2499.00,\"Quantity\":45,\"Category\":\"Sports\",\"Brand\":\"Xiaomi\",\"Status\":\"ACTIVE\",\"StoreName\":\"DI MAKAUSAD\",\"SellerName\":\"Marc Anthony Zapata\",\"DateAdded\":\"2026-02-12T04:10:17\"},{\"ProductId\":8,\"SellerId\":4,\"ProductName\":\"Yoga Mat\",\"ProductDescription\":\"Eco-friendly, non-slip, 6mm thickness, with carry strap\",\"Price\":1299.00,\"Quantity\":60,\"Category\":\"Sports\",\"Brand\":\"Liforme\",\"Status\":\"ACTIVE\",\"StoreName\":\"RNCS SHOP\",\"SellerName\":\"Ronaldo Neil Salcedo\",\"DateAdded\":\"2026-02-12T04:08:02\"}],\"TotalCount\":3}'),
(198,'GetProductsByCategory','2026-02-12 04:13:55',NULL,'{\"CategoryId\":1}','{\"isSuccess\":true,\"Message\":\"Products retrieved successfully\",\"CategoryId\":1,\"CategoryName\":\"Electronics\",\"ProductsList\":[{\"ProductId\":21,\"SellerId\":5,\"ProductName\":\"iPad Air 5th Gen\",\"ProductDescription\":\"10.9-inch Liquid Retina display, M1 chip, 64GB, Wi-Fi\",\"Price\":34990.00,\"Quantity\":15,\"Category\":\"Electronics\",\"Brand\":\"Apple\",\"Status\":\"ACTIVE\",\"StoreName\":\"NEILJOSEPHJr.\",\"SellerName\":\"Neil Joseph Del Rosario\",\"DateAdded\":\"2026-02-12T04:12:31\"},{\"ProductId\":13,\"SellerId\":6,\"ProductName\":\"MacBook Pro 14-inch\",\"ProductDescription\":\"Apple M3 chip, 16GB RAM, 512GB SSD, Space Gray\",\"Price\":129990.00,\"Quantity\":8,\"Category\":\"Electronics\",\"Brand\":\"Apple\",\"Status\":\"ACTIVE\",\"StoreName\":\"DI MAKAUSAD\",\"SellerName\":\"Marc Anthony Zapata\",\"DateAdded\":\"2026-02-12T04:09:57\"},{\"ProductId\":3,\"SellerId\":4,\"ProductName\":\"Samsung 55-inch 4K Smart TV\",\"ProductDescription\":\"55-inch Crystal UHD 4K Smart TV, HDR, Alexa built-in\",\"Price\":34990.00,\"Quantity\":10,\"Category\":\"Electronics\",\"Brand\":\"Samsung\",\"Status\":\"ACTIVE\",\"StoreName\":\"RNCS SHOP\",\"SellerName\":\"Ronaldo Neil Salcedo\",\"DateAdded\":\"2026-02-12T04:07:38\"},{\"ProductId\":1,\"SellerId\":6,\"ProductName\":\"iPhone 15 Pro\",\"ProductDescription\":\"Latest Apple smartphone with A17 chip, titanium body\",\"Price\":74999.99,\"Quantity\":100,\"Category\":\"Electronics\",\"Brand\":\"Apple\",\"Status\":\"ACTIVE\",\"StoreName\":\"DI MAKAUSAD\",\"SellerName\":\"Marc Anthony Zapata\",\"DateAdded\":\"2026-02-12T00:20:41\"}],\"TotalCount\":4}'),
(199,'SearchProducts','2026-02-12 04:14:11',NULL,'{\"Keyword\":\"Ip\"}','{\"isSuccess\":true,\"Message\":\"Products retrieved successfully\",\"ProductsList\":[{\"ProductId\":24,\"SellerId\":5,\"ProductName\":\"Adjustable Dumbbell Set\",\"ProductDescription\":\"2-in-1, 20kg total, non-slip grip, space-saving\",\"Price\":4499.00,\"Quantity\":20,\"Category\":\"Sports\",\"Brand\":\"Bowflex\",\"Status\":\"ACTIVE\",\"StoreName\":\"NEILJOSEPHJr.\",\"SellerName\":\"Neil Joseph Del Rosario\",\"DateAdded\":\"2026-02-12T04:12:45\"},{\"ProductId\":21,\"SellerId\":5,\"ProductName\":\"iPad Air 5th Gen\",\"ProductDescription\":\"10.9-inch Liquid Retina display, M1 chip, 64GB, Wi-Fi\",\"Price\":34990.00,\"Quantity\":15,\"Category\":\"Electronics\",\"Brand\":\"Apple\",\"Status\":\"ACTIVE\",\"StoreName\":\"NEILJOSEPHJr.\",\"SellerName\":\"Neil Joseph Del Rosario\",\"DateAdded\":\"2026-02-12T04:12:31\"},{\"ProductId\":13,\"SellerId\":6,\"ProductName\":\"MacBook Pro 14-inch\",\"ProductDescription\":\"Apple M3 chip, 16GB RAM, 512GB SSD, Space Gray\",\"Price\":129990.00,\"Quantity\":8,\"Category\":\"Electronics\",\"Brand\":\"Apple\",\"Status\":\"ACTIVE\",\"StoreName\":\"DI MAKAUSAD\",\"SellerName\":\"Marc Anthony Zapata\",\"DateAdded\":\"2026-02-12T04:09:57\"},{\"ProductId\":8,\"SellerId\":4,\"ProductName\":\"Yoga Mat\",\"ProductDescription\":\"Eco-friendly, non-slip, 6mm thickness, with carry strap\",\"Price\":1299.00,\"Quantity\":60,\"Category\":\"Sports\",\"Brand\":\"Liforme\",\"Status\":\"ACTIVE\",\"StoreName\":\"RNCS SHOP\",\"SellerName\":\"Ronaldo Neil Salcedo\",\"DateAdded\":\"2026-02-12T04:08:02\"},{\"ProductId\":7,\"SellerId\":4,\"ProductName\":\"Matte Liquid Lipstick\",\"ProductDescription\":\"Long-lasting, highly pigmented, shade: Ruby Woo\",\"Price\":450.00,\"Quantity\":120,\"Category\":\"Beauty\",\"Brand\":\"MAC\",\"Status\":\"ACTIVE\",\"StoreName\":\"RNCS SHOP\",\"SellerName\":\"Ronaldo Neil Salcedo\",\"DateAdded\":\"2026-02-12T04:07:57\"},{\"ProductId\":1,\"SellerId\":6,\"ProductName\":\"iPhone 15 Pro\",\"ProductDescription\":\"Latest Apple smartphone with A17 chip, titanium body\",\"Price\":74999.99,\"Quantity\":100,\"Category\":\"Electronics\",\"Brand\":\"Apple\",\"Status\":\"ACTIVE\",\"StoreName\":\"DI MAKAUSAD\",\"SellerName\":\"Marc Anthony Zapata\",\"DateAdded\":\"2026-02-12T00:20:41\"}],\"TotalCount\":6}'),
(200,'SearchProducts','2026-02-12 04:16:01',NULL,'{\"Keyword\":\"Ip\"}','{\"isSuccess\":true,\"Message\":\"Products retrieved successfully\",\"ProductsList\":[{\"ProductId\":21,\"SellerId\":5,\"ProductName\":\"iPad Air 5th Gen\",\"ProductDescription\":\"10.9-inch Liquid Retina display, M1 chip, 64GB, Wi-Fi\",\"Price\":34990.00,\"Quantity\":15,\"Category\":\"Electronics\",\"Brand\":\"Apple\",\"Status\":\"ACTIVE\",\"StoreName\":\"NEILJOSEPHJr.\",\"SellerName\":\"Neil Joseph Del Rosario\",\"DateAdded\":\"2026-02-12T04:12:31\"},{\"ProductId\":7,\"SellerId\":4,\"ProductName\":\"Matte Liquid Lipstick\",\"ProductDescription\":\"Long-lasting, highly pigmented, shade: Ruby Woo\",\"Price\":450.00,\"Quantity\":120,\"Category\":\"Beauty\",\"Brand\":\"MAC\",\"Status\":\"ACTIVE\",\"StoreName\":\"RNCS SHOP\",\"SellerName\":\"Ronaldo Neil Salcedo\",\"DateAdded\":\"2026-02-12T04:07:57\"},{\"ProductId\":1,\"SellerId\":6,\"ProductName\":\"iPhone 15 Pro\",\"ProductDescription\":\"Latest Apple smartphone with A17 chip, titanium body\",\"Price\":74999.99,\"Quantity\":100,\"Category\":\"Electronics\",\"Brand\":\"Apple\",\"Status\":\"ACTIVE\",\"StoreName\":\"DI MAKAUSAD\",\"SellerName\":\"Marc Anthony Zapata\",\"DateAdded\":\"2026-02-12T00:20:41\"}],\"TotalCount\":3}'),
(201,'GetProductsByCategory','2026-02-12 04:17:36',NULL,'{\"CategoryId\":1}','{\"isSuccess\":true,\"Message\":\"Products retrieved successfully\",\"CategoryId\":1,\"CategoryName\":\"Electronics\",\"ProductsList\":[{\"ProductId\":21,\"SellerId\":5,\"ProductName\":\"iPad Air 5th Gen\",\"ProductDescription\":\"10.9-inch Liquid Retina display, M1 chip, 64GB, Wi-Fi\",\"Price\":34990.00,\"Quantity\":15,\"Category\":\"Electronics\",\"Brand\":\"Apple\",\"Status\":\"ACTIVE\",\"StoreName\":\"NEILJOSEPHJr.\",\"SellerName\":\"Neil Joseph Del Rosario\",\"DateAdded\":\"2026-02-12T04:12:31\"},{\"ProductId\":13,\"SellerId\":6,\"ProductName\":\"MacBook Pro 14-inch\",\"ProductDescription\":\"Apple M3 chip, 16GB RAM, 512GB SSD, Space Gray\",\"Price\":129990.00,\"Quantity\":8,\"Category\":\"Electronics\",\"Brand\":\"Apple\",\"Status\":\"ACTIVE\",\"StoreName\":\"DI MAKAUSAD\",\"SellerName\":\"Marc Anthony Zapata\",\"DateAdded\":\"2026-02-12T04:09:57\"},{\"ProductId\":3,\"SellerId\":4,\"ProductName\":\"Samsung 55-inch 4K Smart TV\",\"ProductDescription\":\"55-inch Crystal UHD 4K Smart TV, HDR, Alexa built-in\",\"Price\":34990.00,\"Quantity\":10,\"Category\":\"Electronics\",\"Brand\":\"Samsung\",\"Status\":\"ACTIVE\",\"StoreName\":\"RNCS SHOP\",\"SellerName\":\"Ronaldo Neil Salcedo\",\"DateAdded\":\"2026-02-12T04:07:38\"},{\"ProductId\":1,\"SellerId\":6,\"ProductName\":\"iPhone 15 Pro\",\"ProductDescription\":\"Latest Apple smartphone with A17 chip, titanium body\",\"Price\":74999.99,\"Quantity\":100,\"Category\":\"Electronics\",\"Brand\":\"Apple\",\"Status\":\"ACTIVE\",\"StoreName\":\"DI MAKAUSAD\",\"SellerName\":\"Marc Anthony Zapata\",\"DateAdded\":\"2026-02-12T00:20:41\"}],\"TotalCount\":4}'),
(202,'GetProductsByCategory','2026-02-12 05:25:36',NULL,'{\"CategoryId\":5}','{\"isSuccess\":true,\"Message\":\"Products retrieved successfully\",\"CategoryId\":5,\"CategoryName\":\"Books\",\"ProductsList\":[{\"ProductId\":23,\"SellerId\":5,\"ProductName\":\"48 Laws of Power\",\"ProductDescription\":\"Robert Greene - Amoral, cunning, and practical lessons\",\"Price\":1599.00,\"Quantity\":45,\"Category\":\"Books\",\"Brand\":\"Penguin\",\"Status\":\"ACTIVE\",\"StoreName\":\"NEILJOSEPHJr.\",\"SellerName\":\"Neil Joseph Del Rosario\",\"DateAdded\":\"2026-02-12T04:12:40\"},{\"ProductId\":16,\"SellerId\":6,\"ProductName\":\"Rich Dad Poor Dad\",\"ProductDescription\":\"Robert Kiyosaki - What the Rich Teach Their Kids About Money\",\"Price\":699.00,\"Quantity\":80,\"Category\":\"Books\",\"Brand\":\"Plata Publishing\",\"Status\":\"ACTIVE\",\"StoreName\":\"DI MAKAUSAD\",\"SellerName\":\"Marc Anthony Zapata\",\"DateAdded\":\"2026-02-12T04:10:09\"},{\"ProductId\":6,\"SellerId\":4,\"ProductName\":\"Atomic Habits\",\"ProductDescription\":\"James Clear - An Easy & Proven Way to Build Good Habits & Break Bad Ones\",\"Price\":899.00,\"Quantity\":50,\"Category\":\"Books\",\"Brand\":\"Penguin Random House\",\"Status\":\"ACTIVE\",\"StoreName\":\"RNCS SHOP\",\"SellerName\":\"Ronaldo Neil Salcedo\",\"DateAdded\":\"2026-02-12T04:07:52\"}],\"TotalCount\":3}'),
(203,'LoginSeller','2026-02-12 23:24:47',NULL,'{\"UserName\":\"Mtony\",\"Password\":\"mrcnthnyzpt\"}','{\"isSuccess\":true,\"Message\":\"Welcome Seller! Login Successful\",\"UserId\":6,\"SessionKey\":\"e98e90b2-e38b-454d-8257-002f464f57de\",\"UserType\":\"S\"}'),
(204,'GetSellerProfile','2026-02-12 23:24:55',NULL,'{\"SellerId\":4,\"SessionKey\":\"e98e90b2-e38b-454d-8257-002f464f57de\"}','{\"isSuccess\":false,\"Message\":\"Session does not match seller ID\",\"SellerId\":0,\"FirstName\":null,\"LastName\":null,\"UserName\":null,\"Email\":null,\"ContactNo\":null,\"StoreName\":null,\"Status\":null,\"TotalProducts\":0,\"DateRegistered\":\"0001-01-01T00:00:00\"}'),
(205,'LoginBuyer','2026-02-12 23:26:18',NULL,'{\"UserName\":\"Sindel\",\"Password\":\"152e8c99\"}','{\"isSuccess\":false,\"Message\":\"Buyer not found or inactive!\",\"UserId\":0,\"SessionKey\":null,\"UserType\":null}'),
(206,'LoginBuyer','2026-02-12 23:26:42',NULL,'{\"UserName\":\"Sindel\",\"Password\":\"152e8c99\"}','{\"isSuccess\":false,\"Message\":\"Cannot Login! Credentials do not match\",\"UserId\":0,\"SessionKey\":null,\"UserType\":null}'),
(207,'ForgotPasswordBuyer','2026-02-12 23:27:00',NULL,'{\"Email\":\"ralplaurence50@gmail.com\"}','{\"isSuccess\":true,\"Message\":\"Temporary password has been sent to your email\",\"UserId\":6,\"TemporaryPassword\":\"c97e0953\"}'),
(208,'LoginBuyer','2026-02-12 23:27:13',NULL,'{\"UserName\":\"Sindel\",\"Password\":\"c97e0953\"}','{\"isSuccess\":true,\"Message\":\"Welcome Buyer! Login Successful\",\"UserId\":6,\"SessionKey\":\"1809df33-3f18-425c-b53c-8d0fc999c733\",\"UserType\":\"B\"}'),
(209,'GetBuyerProfile','2026-02-12 23:27:35',NULL,'{\"BuyerId\":0,\"SessionKey\":\"1809df33-3f18-425c-b53c-8d0fc999c733\"}','Please provide Buyer ID'),
(210,'GetBuyerProfile','2026-02-12 23:27:41',NULL,'{\"BuyerId\":0,\"SessionKey\":\"1809df33-3f18-425c-b53c-8d0fc999c733\"}','Please provide Buyer ID'),
(211,'GetBuyerProfile','2026-02-12 23:27:43',NULL,'{\"BuyerId\":0,\"SessionKey\":\"1809df33-3f18-425c-b53c-8d0fc999c733\"}','Please provide Buyer ID'),
(212,'GetBuyerProfile','2026-02-12 23:54:28',NULL,'{\"BuyerId\":6,\"SessionKey\":\"1809df33-3f18-425c-b53c-8d0fc999c733\"}','{\"isSuccess\":false,\"Message\":\"Buyer not found or inactive\",\"BuyerId\":0,\"FirstName\":null,\"LastName\":null,\"UserName\":null,\"Email\":null,\"ContactNo\":null,\"Status\":null,\"DateRegistered\":\"0001-01-01T00:00:00\"}'),
(213,'GetBuyerProfile','2026-02-12 23:55:03',NULL,'{\"BuyerId\":6,\"SessionKey\":\"1809df33-3f18-425c-b53c-8d0fc999c733\"}','{\"isSuccess\":false,\"Message\":\"Buyer not found or inactive\",\"BuyerId\":0,\"FirstName\":null,\"LastName\":null,\"UserName\":null,\"Email\":null,\"ContactNo\":null,\"Status\":null,\"DateRegistered\":\"0001-01-01T00:00:00\"}'),
(214,'GetSellerProfile','2026-02-12 23:55:24',NULL,'{\"SellerId\":6,\"SessionKey\":\"e98e90b2-e38b-454d-8257-002f464f57de\"}','{\"isSuccess\":false,\"Message\":\"Seller not found or inactive\",\"SellerId\":0,\"FirstName\":null,\"LastName\":null,\"UserName\":null,\"Email\":null,\"ContactNo\":null,\"StoreName\":null,\"Status\":null,\"TotalProducts\":0,\"DateRegistered\":\"0001-01-01T00:00:00\"}'),
(215,'LoginSeller','2026-02-12 23:55:30',NULL,'{\"UserName\":\"Mtony\",\"Password\":\"mrcnthnyzpt\"}','{\"isSuccess\":true,\"Message\":\"Welcome Seller! Login Successful\",\"UserId\":6,\"SessionKey\":\"649a13c5-3e56-49d5-994e-91d25b3886c0\",\"UserType\":\"S\"}'),
(216,'GetSellerProfile','2026-02-12 23:55:38',NULL,'{\"SellerId\":6,\"SessionKey\":\"649a13c5-3e56-49d5-994e-91d25b3886c0\"}','{\"isSuccess\":false,\"Message\":\"Seller not found or inactive\",\"SellerId\":0,\"FirstName\":null,\"LastName\":null,\"UserName\":null,\"Email\":null,\"ContactNo\":null,\"StoreName\":null,\"Status\":null,\"TotalProducts\":0,\"DateRegistered\":\"0001-01-01T00:00:00\"}'),
(217,'GetSellerProfile','2026-02-12 23:57:33',NULL,'{\"SellerId\":6,\"SessionKey\":\"649a13c5-3e56-49d5-994e-91d25b3886c0\"}','{\"isSuccess\":false,\"Message\":\"Seller not found or inactive\",\"SellerId\":0,\"FirstName\":null,\"LastName\":null,\"UserName\":null,\"Email\":null,\"ContactNo\":null,\"StoreName\":null,\"Status\":null,\"TotalProducts\":0,\"DateRegistered\":\"0001-01-01T00:00:00\"}'),
(218,'GetSellerProfile','2026-02-13 00:02:36',NULL,'{\"SellerId\":6,\"SessionKey\":\"649a13c5-3e56-49d5-994e-91d25b3886c0\"}','{\"isSuccess\":true,\"Message\":\"Seller profile retrieved successfully\",\"SellerId\":6,\"FirstName\":\"Marc Anthony\",\"LastName\":\"Zapata\",\"UserName\":\"Mtony\",\"Email\":\"mrcnthnyzpt@gmail.com\",\"ContactNo\":\"09673745627\",\"StoreName\":\"DI MAKAUSAD\",\"Status\":\"A\",\"TotalProducts\":9,\"DateRegistered\":\"0001-01-01T00:00:00\"}'),
(219,'GetSellerProfile','2026-02-13 00:10:39',NULL,'{\"SellerId\":6,\"SessionKey\":\"649a13c5-3e56-49d5-994e-91d25b3886c0\"}','{\"isSuccess\":true,\"Message\":\"Seller profile retrieved successfully\",\"SellerId\":6,\"FirstName\":\"Marc Anthony\",\"LastName\":\"Zapata\",\"UserName\":\"Mtony\",\"Email\":\"mrcnthnyzpt@gmail.com\",\"ContactNo\":\"09673745627\",\"StoreName\":\"DI MAKAUSAD\",\"Status\":\"A\",\"DateRegistered\":\"2026-02-13T00:06:06\",\"TotalProducts\":9}'),
(220,'GetBuyerProfile','2026-02-13 00:11:07',NULL,'{\"BuyerId\":6,\"SessionKey\":\"1809df33-3f18-425c-b53c-8d0fc999c733\"}','{\"isSuccess\":true,\"Message\":\"Buyer profile retrieved successfully\",\"BuyerId\":6,\"FirstName\":\"Ralph Laurence\",\"LastName\":\"Cruz\",\"UserName\":\"Sindel\",\"Email\":\"ralplaurence50@gmail.com\",\"ContactNo\":\"09673745627\",\"Status\":\"A\",\"DateRegistered\":\"2026-02-13T00:06:18\",\"TotalOrders\":0}'),
(221,'GetBuyerProfile','2026-02-13 00:14:44',NULL,'{\"BuyerId\":6,\"SessionKey\":\"1809df33-3f18-425c-b53c-8d0fc999c733\"}','{\"isSuccess\":true,\"Message\":\"Buyer profile retrieved successfully\",\"BuyerId\":6,\"FirstName\":\"Ralph Laurence\",\"LastName\":\"Cruz\",\"UserName\":\"Sindel\",\"Email\":\"ralplaurence50@gmail.com\",\"ContactNo\":\"09673745627\",\"Status\":\"A\",\"DateRegistered\":\"2026-02-13T00:06:18\",\"TotalOrders\":0}'),
(222,'LoginBuyer','2026-02-13 04:10:14',NULL,'{\"UserName\":\"Sindel\",\"Password\":\"c97e0953\"}','{\"isSuccess\":true,\"Message\":\"Welcome Buyer! Login Successful\",\"UserId\":6,\"SessionKey\":\"dd99776c-6297-46e2-a9e5-142a548a49be\",\"UserType\":\"B\"}'),
(223,'LoginSeller','2026-02-13 04:10:21',NULL,'{\"UserName\":\"Mtony\",\"Password\":\"mrcnthnyzpt\"}','{\"isSuccess\":true,\"Message\":\"Welcome Seller! Login Successful\",\"UserId\":6,\"SessionKey\":\"4932bc5f-2b8f-4d6e-b377-89ed381e30e1\",\"UserType\":\"S\"}'),
(224,'DeleteProduct','2026-02-13 04:11:07',NULL,'{\"SellerId\":6,\"ProductId\":1,\"SessionKey\":\"4932bc5f-2b8f-4d6e-b377-89ed381e30e1\"}','{\"isSuccess\":true,\"Message\":\"Product successfully deleted at 2026-02-13 04:11:07\",\"ProductId\":1,\"DeactivationDate\":\"2026-02-13 04:11:07\"}'),
(225,'UpdateProduct','2026-02-13 04:11:42',NULL,'{\"SellerId\":6,\"SessionKey\":\"4932bc5f-2b8f-4d6e-b377-89ed381e30e1\",\"ProductId\":1,\"ProductName\":null,\"ProductDescription\":null,\"Price\":74999.99,\"Quantity\":100,\"Category\":null,\"Brand\":null}','{\"isSuccess\":false,\"Message\":\"Product not found or does not belong to this seller\",\"ProductId\":0}'),
(226,'GetSellerProducts','2026-02-13 04:11:56',NULL,'{\"SellerId\":6,\"SessionKey\":\"4932bc5f-2b8f-4d6e-b377-89ed381e30e1\"}','{\"isSuccess\":true,\"Message\":\"Products retrieved successfully\",\"ProductsList\":[{\"ProductId\":20,\"SellerId\":6,\"ProductName\":\"Ergonomic Office Chair\",\"ProductDescription\":\"Mesh back, lumbar support, adjustable armrest, breathable\",\"Price\":7999.00,\"Quantity\":15,\"Category\":\"Office Supplies\",\"Brand\":\"Sihoo\",\"Status\":\"ACTIVE\",\"StoreName\":null,\"SellerName\":null,\"DateAdded\":\"2026-02-12T04:10:28\"},{\"ProductId\":19,\"SellerId\":6,\"ProductName\":\"Board Game - Catan\",\"ProductDescription\":\"Strategy game, 3-4 players, 60 minute play time\",\"Price\":1899.00,\"Quantity\":25,\"Category\":\"Toys\",\"Brand\":\"Catan Studio\",\"Status\":\"ACTIVE\",\"StoreName\":null,\"SellerName\":null,\"DateAdded\":\"2026-02-12T04:10:22\"},{\"ProductId\":18,\"SellerId\":6,\"ProductName\":\"Fitness Tracker\",\"ProductDescription\":\"Heart rate monitor, step counter, sleep tracking, waterproof\",\"Price\":2499.00,\"Quantity\":45,\"Category\":\"Sports\",\"Brand\":\"Xiaomi\",\"Status\":\"ACTIVE\",\"StoreName\":null,\"SellerName\":null,\"DateAdded\":\"2026-02-12T04:10:17\"},{\"ProductId\":17,\"SellerId\":6,\"ProductName\":\"Perfume for Women\",\"ProductDescription\":\"Floral fragrance, 100ml, notes of rose and jasmine\",\"Price\":4599.00,\"Quantity\":20,\"Category\":\"Beauty\",\"Brand\":\"Dior\",\"Status\":\"ACTIVE\",\"StoreName\":null,\"SellerName\":null,\"DateAdded\":\"2026-02-12T04:10:13\"},{\"ProductId\":16,\"SellerId\":6,\"ProductName\":\"Rich Dad Poor Dad\",\"ProductDescription\":\"Robert Kiyosaki - What the Rich Teach Their Kids About Money\",\"Price\":699.00,\"Quantity\":80,\"Category\":\"Books\",\"Brand\":\"Plata Publishing\",\"Status\":\"ACTIVE\",\"StoreName\":null,\"SellerName\":null,\"DateAdded\":\"2026-02-12T04:10:09\"},{\"ProductId\":15,\"SellerId\":6,\"ProductName\":\"Air Purifier\",\"ProductDescription\":\"HEPA filter, covers 40sqm, quiet operation, air quality indicator\",\"Price\":5999.00,\"Quantity\":12,\"Category\":\"Home & Living\",\"Brand\":\"Sharp\",\"Status\":\"ACTIVE\",\"StoreName\":null,\"SellerName\":null,\"DateAdded\":\"2026-02-12T04:10:05\"},{\"ProductId\":14,\"SellerId\":6,\"ProductName\":\"Women\'s Sneakers\",\"ProductDescription\":\"White leather platform sneakers, lace-up, cushioned insole\",\"Price\":3299.00,\"Quantity\":35,\"Category\":\"Clothing\",\"Brand\":\"Adidas\",\"Status\":\"ACTIVE\",\"StoreName\":null,\"SellerName\":null,\"DateAdded\":\"2026-02-12T04:10:01\"},{\"ProductId\":13,\"SellerId\":6,\"ProductName\":\"MacBook Pro 14-inch\",\"ProductDescription\":\"Apple M3 chip, 16GB RAM, 512GB SSD, Space Gray\",\"Price\":129990.00,\"Quantity\":8,\"Category\":\"Electronics\",\"Brand\":\"Apple\",\"Status\":\"ACTIVE\",\"StoreName\":null,\"SellerName\":null,\"DateAdded\":\"2026-02-12T04:09:57\"}],\"TotalCount\":8}'),
(227,'DeleteProduct','2026-02-13 04:12:17',NULL,'{\"SellerId\":6,\"ProductId\":13,\"SessionKey\":\"4932bc5f-2b8f-4d6e-b377-89ed381e30e1\"}','{\"isSuccess\":true,\"Message\":\"Product successfully deleted at 2026-02-13 04:12:17\",\"ProductId\":13,\"DeactivationDate\":\"2026-02-13 04:12:17\"}'),
(228,'GetSellerProducts','2026-02-13 04:12:22',NULL,'{\"SellerId\":6,\"SessionKey\":\"4932bc5f-2b8f-4d6e-b377-89ed381e30e1\"}','{\"isSuccess\":true,\"Message\":\"Products retrieved successfully\",\"ProductsList\":[{\"ProductId\":20,\"SellerId\":6,\"ProductName\":\"Ergonomic Office Chair\",\"ProductDescription\":\"Mesh back, lumbar support, adjustable armrest, breathable\",\"Price\":7999.00,\"Quantity\":15,\"Category\":\"Office Supplies\",\"Brand\":\"Sihoo\",\"Status\":\"ACTIVE\",\"StoreName\":null,\"SellerName\":null,\"DateAdded\":\"2026-02-12T04:10:28\"},{\"ProductId\":19,\"SellerId\":6,\"ProductName\":\"Board Game - Catan\",\"ProductDescription\":\"Strategy game, 3-4 players, 60 minute play time\",\"Price\":1899.00,\"Quantity\":25,\"Category\":\"Toys\",\"Brand\":\"Catan Studio\",\"Status\":\"ACTIVE\",\"StoreName\":null,\"SellerName\":null,\"DateAdded\":\"2026-02-12T04:10:22\"},{\"ProductId\":18,\"SellerId\":6,\"ProductName\":\"Fitness Tracker\",\"ProductDescription\":\"Heart rate monitor, step counter, sleep tracking, waterproof\",\"Price\":2499.00,\"Quantity\":45,\"Category\":\"Sports\",\"Brand\":\"Xiaomi\",\"Status\":\"ACTIVE\",\"StoreName\":null,\"SellerName\":null,\"DateAdded\":\"2026-02-12T04:10:17\"},{\"ProductId\":17,\"SellerId\":6,\"ProductName\":\"Perfume for Women\",\"ProductDescription\":\"Floral fragrance, 100ml, notes of rose and jasmine\",\"Price\":4599.00,\"Quantity\":20,\"Category\":\"Beauty\",\"Brand\":\"Dior\",\"Status\":\"ACTIVE\",\"StoreName\":null,\"SellerName\":null,\"DateAdded\":\"2026-02-12T04:10:13\"},{\"ProductId\":16,\"SellerId\":6,\"ProductName\":\"Rich Dad Poor Dad\",\"ProductDescription\":\"Robert Kiyosaki - What the Rich Teach Their Kids About Money\",\"Price\":699.00,\"Quantity\":80,\"Category\":\"Books\",\"Brand\":\"Plata Publishing\",\"Status\":\"ACTIVE\",\"StoreName\":null,\"SellerName\":null,\"DateAdded\":\"2026-02-12T04:10:09\"},{\"ProductId\":15,\"SellerId\":6,\"ProductName\":\"Air Purifier\",\"ProductDescription\":\"HEPA filter, covers 40sqm, quiet operation, air quality indicator\",\"Price\":5999.00,\"Quantity\":12,\"Category\":\"Home & Living\",\"Brand\":\"Sharp\",\"Status\":\"ACTIVE\",\"StoreName\":null,\"SellerName\":null,\"DateAdded\":\"2026-02-12T04:10:05\"},{\"ProductId\":14,\"SellerId\":6,\"ProductName\":\"Women\'s Sneakers\",\"ProductDescription\":\"White leather platform sneakers, lace-up, cushioned insole\",\"Price\":3299.00,\"Quantity\":35,\"Category\":\"Clothing\",\"Brand\":\"Adidas\",\"Status\":\"ACTIVE\",\"StoreName\":null,\"SellerName\":null,\"DateAdded\":\"2026-02-12T04:10:01\"}],\"TotalCount\":7}'),
(229,'SearchProducts','2026-02-13 04:24:38',NULL,'{\"Keyword\":\"Ip\"}','{\"isSuccess\":true,\"Message\":\"Products retrieved successfully\",\"ProductsList\":[{\"ProductId\":21,\"SellerId\":5,\"ProductName\":\"iPad Air 5th Gen\",\"ProductDescription\":\"10.9-inch Liquid Retina display, M1 chip, 64GB, Wi-Fi\",\"Price\":34990.00,\"Quantity\":15,\"Category\":\"Electronics\",\"Brand\":\"Apple\",\"Status\":\"ACTIVE\",\"StoreName\":\"NEILJOSEPHJr.\",\"SellerName\":\"Neil Joseph Del Rosario\",\"DateAdded\":\"2026-02-12T04:12:31\"},{\"ProductId\":7,\"SellerId\":4,\"ProductName\":\"Matte Liquid Lipstick\",\"ProductDescription\":\"Long-lasting, highly pigmented, shade: Ruby Woo\",\"Price\":450.00,\"Quantity\":120,\"Category\":\"Beauty\",\"Brand\":\"MAC\",\"Status\":\"ACTIVE\",\"StoreName\":\"RNCS SHOP\",\"SellerName\":\"Ronaldo Neil Salcedo\",\"DateAdded\":\"2026-02-12T04:07:57\"}],\"TotalCount\":2}'),
(230,'GetSellerProducts','2026-02-13 04:27:39',NULL,'{\"SellerId\":6,\"SessionKey\":\"4932bc5f-2b8f-4d6e-b377-89ed381e30e1\"}','{\"isSuccess\":true,\"Message\":\"Products retrieved successfully\",\"ProductsList\":[{\"ProductId\":20,\"SellerId\":6,\"ProductName\":\"Ergonomic Office Chair\",\"ProductDescription\":\"Mesh back, lumbar support, adjustable armrest, breathable\",\"Price\":7999.00,\"Quantity\":15,\"Category\":\"Office Supplies\",\"Brand\":\"Sihoo\",\"Status\":\"ACTIVE\",\"StoreName\":\"DI MAKAUSAD\",\"SellerName\":\"Marc Anthony Zapata\",\"DateAdded\":\"2026-02-12T04:10:28\"},{\"ProductId\":19,\"SellerId\":6,\"ProductName\":\"Board Game - Catan\",\"ProductDescription\":\"Strategy game, 3-4 players, 60 minute play time\",\"Price\":1899.00,\"Quantity\":25,\"Category\":\"Toys\",\"Brand\":\"Catan Studio\",\"Status\":\"ACTIVE\",\"StoreName\":\"DI MAKAUSAD\",\"SellerName\":\"Marc Anthony Zapata\",\"DateAdded\":\"2026-02-12T04:10:22\"},{\"ProductId\":18,\"SellerId\":6,\"ProductName\":\"Fitness Tracker\",\"ProductDescription\":\"Heart rate monitor, step counter, sleep tracking, waterproof\",\"Price\":2499.00,\"Quantity\":45,\"Category\":\"Sports\",\"Brand\":\"Xiaomi\",\"Status\":\"ACTIVE\",\"StoreName\":\"DI MAKAUSAD\",\"SellerName\":\"Marc Anthony Zapata\",\"DateAdded\":\"2026-02-12T04:10:17\"},{\"ProductId\":17,\"SellerId\":6,\"ProductName\":\"Perfume for Women\",\"ProductDescription\":\"Floral fragrance, 100ml, notes of rose and jasmine\",\"Price\":4599.00,\"Quantity\":20,\"Category\":\"Beauty\",\"Brand\":\"Dior\",\"Status\":\"ACTIVE\",\"StoreName\":\"DI MAKAUSAD\",\"SellerName\":\"Marc Anthony Zapata\",\"DateAdded\":\"2026-02-12T04:10:13\"},{\"ProductId\":16,\"SellerId\":6,\"ProductName\":\"Rich Dad Poor Dad\",\"ProductDescription\":\"Robert Kiyosaki - What the Rich Teach Their Kids About Money\",\"Price\":699.00,\"Quantity\":80,\"Category\":\"Books\",\"Brand\":\"Plata Publishing\",\"Status\":\"ACTIVE\",\"StoreName\":\"DI MAKAUSAD\",\"SellerName\":\"Marc Anthony Zapata\",\"DateAdded\":\"2026-02-12T04:10:09\"},{\"ProductId\":15,\"SellerId\":6,\"ProductName\":\"Air Purifier\",\"ProductDescription\":\"HEPA filter, covers 40sqm, quiet operation, air quality indicator\",\"Price\":5999.00,\"Quantity\":12,\"Category\":\"Home & Living\",\"Brand\":\"Sharp\",\"Status\":\"ACTIVE\",\"StoreName\":\"DI MAKAUSAD\",\"SellerName\":\"Marc Anthony Zapata\",\"DateAdded\":\"2026-02-12T04:10:05\"},{\"ProductId\":14,\"SellerId\":6,\"ProductName\":\"Women\'s Sneakers\",\"ProductDescription\":\"White leather platform sneakers, lace-up, cushioned insole\",\"Price\":3299.00,\"Quantity\":35,\"Category\":\"Clothing\",\"Brand\":\"Adidas\",\"Status\":\"ACTIVE\",\"StoreName\":\"DI MAKAUSAD\",\"SellerName\":\"Marc Anthony Zapata\",\"DateAdded\":\"2026-02-12T04:10:01\"}],\"TotalCount\":7}'),
(231,'UpdateProduct','2026-02-13 04:27:46',NULL,'{\"SellerId\":6,\"SessionKey\":\"4932bc5f-2b8f-4d6e-b377-89ed381e30e1\",\"ProductId\":1,\"ProductName\":null,\"ProductDescription\":null,\"Price\":74999.99,\"Quantity\":100,\"Category\":null,\"Brand\":null}','{\"isSuccess\":false,\"Message\":\"Product not found or does not belong to this seller\",\"ProductId\":0}'),
(232,'AddToCart','2026-02-19 21:33:46',NULL,'{\"BuyerId\":1,\"SessionKey\":\"550e8400-e29b-41d4-a716-446655440000\",\"ProductId\":5,\"Quantity\":2}','{\"isSuccess\":false,\"Message\":\"Invalid buyer session. Please login again.\",\"CartId\":0,\"TotalItems\":0,\"CartTotal\":0.0}'),
(233,'AddToCart','2026-02-19 21:34:04',NULL,'{\"BuyerId\":1,\"SessionKey\":\"dd99776c-6297-46e2-a9e5-142a548a49be\",\"ProductId\":5,\"Quantity\":2}','{\"isSuccess\":false,\"Message\":\"Session does not match buyer ID\",\"CartId\":0,\"TotalItems\":0,\"CartTotal\":0.0}'),
(234,'AddToCart','2026-02-19 21:37:44',NULL,'{\"BuyerId\":6,\"SessionKey\":\"dd99776c-6297-46e2-a9e5-142a548a49be\",\"ProductId\":5,\"Quantity\":20}','{\"isSuccess\":false,\"Message\":\"Cannot add 20 more. Only 10 additional items available\",\"CartId\":0,\"TotalItems\":0,\"CartTotal\":0.0}'),
(235,'AddToCart','2026-02-19 21:37:53',NULL,'{\"BuyerId\":6,\"SessionKey\":\"dd99776c-6297-46e2-a9e5-142a548a49be\",\"ProductId\":5,\"Quantity\":2}','{\"isSuccess\":true,\"Message\":\"Item added to cart successfully\",\"CartId\":1,\"TotalItems\":22,\"CartTotal\":41778.00}'),
(236,'AddToCart','2026-02-19 21:38:18',NULL,'{\"BuyerId\":6,\"SessionKey\":\"dd99776c-6297-46e2-a9e5-142a548a49be\",\"ProductId\":10,\"Quantity\":5}','{\"isSuccess\":true,\"Message\":\"Item added to cart successfully\",\"CartId\":2,\"TotalItems\":27,\"CartTotal\":49773.00}'),
(237,'AddToCart','2026-02-19 21:38:40',NULL,'{\"BuyerId\":6,\"SessionKey\":\"dd99776c-6297-46e2-a9e5-142a548a49be\",\"ProductId\":1,\"Quantity\":5}','{\"isSuccess\":false,\"Message\":\"Product not found or unavailable\",\"CartId\":0,\"TotalItems\":0,\"CartTotal\":0.0}'),
(238,'AddToCart','2026-02-19 21:38:43',NULL,'{\"BuyerId\":6,\"SessionKey\":\"dd99776c-6297-46e2-a9e5-142a548a49be\",\"ProductId\":2,\"Quantity\":5}','{\"isSuccess\":true,\"Message\":\"Item added to cart successfully\",\"CartId\":3,\"TotalItems\":32,\"CartTotal\":50572.95}'),
(239,'LoginBuyer','2026-02-25 00:24:26',NULL,'{\"UserName\":\"Sindel\",\"Password\":\"c97e0953\"}','{\"isSuccess\":true,\"Message\":\"Welcome Buyer! Login Successful\",\"UserId\":6,\"SessionKey\":\"90a8f475-4451-4962-b4bb-1944fd48155d\",\"UserType\":\"B\"}'),
(240,'GetCart','2026-02-25 00:24:35',NULL,'{\"BuyerId\":6,\"SessionKey\":\"90a8f475-4451-4962-b4bb-1944fd48155d\"}','{\"isSuccess\":true,\"Message\":\"Cart retrieved successfully\",\"BuyerId\":6,\"TotalItems\":32,\"Subtotal\":50572.95,\"Items\":[{\"CartId\":3,\"ProductId\":2,\"ProductName\":\"Black Tshirt\",\"ProductDescription\":\"Black Cotton Tshirt\",\"Price\":159.99,\"Quantity\":5,\"Subtotal\":799.95,\"AvailableStock\":500,\"StoreName\":\"RNCS SHOP\",\"SellerId\":4,\"Brand\":\"Uniqlo\"},{\"CartId\":2,\"ProductId\":10,\"ProductName\":\"Remote Control Car\",\"ProductDescription\":\"1:18 scale, 2.4GHz, off-road, rechargeable battery\",\"Price\":1599.00,\"Quantity\":5,\"Subtotal\":7995.00,\"AvailableStock\":25,\"StoreName\":\"RNCS SHOP\",\"SellerId\":4,\"Brand\":\"Traxxas\"},{\"CartId\":1,\"ProductId\":5,\"ProductName\":\"Non-stick Frying Pan Set\",\"ProductDescription\":\"3-piece set, granite coating, induction compatible\",\"Price\":1899.00,\"Quantity\":22,\"Subtotal\":41778.00,\"AvailableStock\":30,\"StoreName\":\"RNCS SHOP\",\"SellerId\":4,\"Brand\":\"Tefal\"}]}'),
(241,'UpdateCartItem','2026-02-25 00:26:35',NULL,'{\"BuyerId\":6,\"SessionKey\":\"dd99776c-6297-46e2-a9e5-142a548a49be\",\"CartId\":0,\"NewQuantity\":0}','Please provide Cart ID'),
(242,'UpdateCartItem','2026-02-25 00:27:21',NULL,'{\"BuyerId\":6,\"SessionKey\":\"90a8f475-4451-4962-b4bb-1944fd48155d\",\"CartId\":1,\"NewQuantity\":18}','{\"isSuccess\":true,\"Message\":\"Cart updated successfully\",\"CartId\":1,\"NewQuantity\":18,\"ItemSubtotal\":34182.00,\"CartTotal\":42976.95,\"TotalItems\":28}'),
(243,'RemoveFromCart','2026-02-25 00:27:55',NULL,'{\"BuyerId\":6,\"SessionKey\":\"90a8f475-4451-4962-b4bb-1944fd48155d\",\"CartId\":3}','{\"isSuccess\":true,\"Message\":\"Item removed from cart successfully\",\"CartId\":3,\"CartTotal\":42177.00,\"TotalItems\":23}'),
(244,'ClearCart','2026-02-25 00:28:40',NULL,'{\"BuyerId\":6,\"SessionKey\":\"90a8f475-4451-4962-b4bb-1944fd48155d\"}','{\"isSuccess\":true,\"Message\":\"Cart cleared successfully\",\"BuyerId\":6,\"ClearedDate\":\"2026-02-25T00:28:40.3372462+08:00\"}'),
(245,'CreateVoucher','2026-03-06 04:32:14',NULL,'{\"VoucherCode\":\"TEST123\",\"VoucherName\":\"Test Voucher\",\"VoucherDescription\":\"Test description\",\"DiscountAmount\":5.00,\"MinimumSpend\":10.00,\"ValidFrom\":\"2024-01-01T00:00:00\",\"ValidTo\":\"2024-12-31T00:00:00\",\"MaxUses\":10,\"SessionKey\":\"your-session-key-here\"}','{\"isSuccess\":false,\"Message\":\"Invalid session. Please login again.\",\"VoucherId\":0,\"VoucherCode\":null}'),
(246,'LoginBuyer','2026-03-06 04:32:31',NULL,'{\"UserName\":\"Sindel\",\"Password\":\"c97e0953\"}','{\"isSuccess\":true,\"Message\":\"Welcome Buyer! Login Successful\",\"UserId\":6,\"SessionKey\":\"26e35056-80f7-47bc-aa0e-2a6333117aca\",\"UserType\":\"B\"}'),
(247,'CreateVoucher','2026-03-06 04:32:42',NULL,'{\"VoucherCode\":\"TEST123\",\"VoucherName\":\"Test Voucher\",\"VoucherDescription\":\"Test description\",\"DiscountAmount\":5.00,\"MinimumSpend\":10.00,\"ValidFrom\":\"2024-01-01T00:00:00\",\"ValidTo\":\"2024-12-31T00:00:00\",\"MaxUses\":10,\"SessionKey\":\"26e35056-80f7-47bc-aa0e-2a6333117aca\"}','{\"isSuccess\":true,\"Message\":\"Voucher created successfully\",\"VoucherId\":1,\"VoucherCode\":\"TEST123\"}'),
(248,'CreateVoucher','2026-03-06 04:47:49',NULL,'{\"SellerId\":1,\"SessionKey\":\"{{seller_session_key}}\",\"VoucherCode\":\"SAVE20\",\"VoucherName\":\"Save ₱20\",\"VoucherDescription\":\"Get ₱20 off on any purchase\",\"DiscountAmount\":20.00,\"MinimumSpend\":100.00,\"ValidFrom\":\"2024-03-06T00:00:00\",\"ValidTo\":\"2024-12-31T23:59:59\",\"MaxUses\":50}','{\"isSuccess\":false,\"Message\":\"Invalid session. Please login again.\",\"VoucherId\":0,\"VoucherCode\":null}'),
(249,'CreateVoucher','2026-03-06 04:48:03',NULL,'{\"SellerId\":1,\"SessionKey\":\"26e35056-80f7-47bc-aa0e-2a6333117aca\",\"VoucherCode\":\"SAVE20\",\"VoucherName\":\"Save ₱20\",\"VoucherDescription\":\"Get ₱20 off on any purchase\",\"DiscountAmount\":20.00,\"MinimumSpend\":100.00,\"ValidFrom\":\"2024-03-06T00:00:00\",\"ValidTo\":\"2024-12-31T23:59:59\",\"MaxUses\":50}','{\"isSuccess\":false,\"Message\":\"Unable to create voucher: Cannot add or update a child row: a foreign key constraint fails (`consume`.`vouchers`, CONSTRAINT `vouchers_ibfk_1` FOREIGN KEY (`SELLER_ID`) REFERENCES `SELLERS` (`SELLER_ID`))\",\"VoucherId\":0,\"VoucherCode\":\"SAVE20\"}'),
(250,'LoginSeller','2026-03-06 04:48:18',NULL,'{\"UserName\":\"Mtony\",\"Password\":\"mrcnthnyzpt\"}','{\"isSuccess\":true,\"Message\":\"Welcome Seller! Login Successful\",\"UserId\":6,\"SessionKey\":\"faa8e2a9-bba2-4ba9-8950-aa88261313a2\",\"UserType\":\"S\"}'),
(251,'CreateVoucher','2026-03-06 04:48:26',NULL,'{\"SellerId\":1,\"SessionKey\":\"faa8e2a9-bba2-4ba9-8950-aa88261313a2\",\"VoucherCode\":\"SAVE20\",\"VoucherName\":\"Save ₱20\",\"VoucherDescription\":\"Get ₱20 off on any purchase\",\"DiscountAmount\":20.00,\"MinimumSpend\":100.00,\"ValidFrom\":\"2024-03-06T00:00:00\",\"ValidTo\":\"2024-12-31T23:59:59\",\"MaxUses\":50}','{\"isSuccess\":false,\"Message\":\"Unable to create voucher: Cannot add or update a child row: a foreign key constraint fails (`consume`.`vouchers`, CONSTRAINT `vouchers_ibfk_1` FOREIGN KEY (`SELLER_ID`) REFERENCES `SELLERS` (`SELLER_ID`))\",\"VoucherId\":0,\"VoucherCode\":\"SAVE20\"}'),
(252,'CreateVoucher','2026-03-06 04:49:15',NULL,'{\"SellerId\":6,\"SessionKey\":\"faa8e2a9-bba2-4ba9-8950-aa88261313a2\",\"VoucherCode\":\"SAVE20\",\"VoucherName\":\"Save ₱20\",\"VoucherDescription\":\"Get ₱20 off on any purchase\",\"DiscountAmount\":20.00,\"MinimumSpend\":100.00,\"ValidFrom\":\"2024-03-06T00:00:00\",\"ValidTo\":\"2024-12-31T23:59:59\",\"MaxUses\":50}','{\"isSuccess\":true,\"Message\":\"Voucher created successfully\",\"VoucherId\":3,\"VoucherCode\":\"SAVE20\"}'),
(253,'CreateVoucher','2026-03-06 04:50:08',NULL,'{\"SellerId\":6,\"SessionKey\":\"faa8e2a9-bba2-4ba9-8950-aa88261313a2\",\"VoucherCode\":\"SAVE10000\",\"VoucherName\":\"Save ₱10000\",\"VoucherDescription\":\"Get ₱20 off on any purchase\",\"DiscountAmount\":10000.00,\"MinimumSpend\":100.00,\"ValidFrom\":\"2024-03-06T00:00:00\",\"ValidTo\":\"2024-12-31T00:00:00\",\"MaxUses\":50}','{\"isSuccess\":true,\"Message\":\"Voucher created successfully\",\"VoucherId\":4,\"VoucherCode\":\"SAVE10000\"}'),
(254,'DeleteVoucher','2026-03-06 04:50:27',NULL,'{\"SellerId\":0,\"VoucherId\":1,\"SessionKey\":\"faa8e2a9-bba2-4ba9-8950-aa88261313a2\"}','{\"isSuccess\":false,\"Message\":\"Voucher not found or does not belong to this seller\",\"VoucherId\":0,\"DeletionDate\":null}'),
(255,'DeleteVoucher','2026-03-06 04:50:37',NULL,'{\"SellerId\":0,\"VoucherId\":4,\"SessionKey\":\"faa8e2a9-bba2-4ba9-8950-aa88261313a2\"}','{\"isSuccess\":false,\"Message\":\"Voucher not found or does not belong to this seller\",\"VoucherId\":0,\"DeletionDate\":null}'),
(256,'DeleteVoucher','2026-03-06 04:51:02',NULL,'{\"SellerId\":0,\"VoucherId\":4,\"SessionKey\":\"faa8e2a9-bba2-4ba9-8950-aa88261313a2\"}','{\"isSuccess\":false,\"Message\":\"Voucher not found or does not belong to this seller\",\"VoucherId\":0,\"DeletionDate\":null}'),
(257,'DeleteVoucher','2026-03-06 04:51:50',NULL,'{\"SellerId\":6,\"VoucherId\":4,\"SessionKey\":\"faa8e2a9-bba2-4ba9-8950-aa88261313a2\"}','{\"isSuccess\":true,\"Message\":\"Voucher successfully deleted at 2026-03-06 04:51:50\",\"VoucherId\":4,\"DeletionDate\":\"2026-03-06 04:51:50\"}'),
(258,'GetVouchers','2026-03-06 04:53:30',NULL,'{\"SellerId\":null,\"SessionKey\":\"faa8e2a9-bba2-4ba9-8950-aa88261313a2\",\"Status\":\"ACTIVE\"}','{\"isSuccess\":true,\"Message\":\"Vouchers retrieved successfully\",\"Vouchers\":[{\"VOUCHER_ID\":3,\"SELLER_ID\":6,\"VOUCHER_CODE\":\"SAVE20\",\"VOUCHER_NAME\":\"Save ₱20\",\"VOUCHER_DESCRIPTION\":\"Get ₱20 off on any purchase\",\"DISCOUNT_AMOUNT\":20.00,\"MINIMUM_SPEND\":100.00,\"VALID_FROM\":\"2024-03-06T00:00:00\",\"VALID_TO\":\"2024-12-31T23:59:59\",\"MAX_USES\":50,\"USED_COUNT\":0,\"VOUCHER_STATUS\":\"A\",\"DATE_ADDED\":\"2026-03-06T04:49:15\",\"DATE_UPDATED\":null}],\"TotalCount\":1}'),
(259,'GetVouchers','2026-03-06 04:53:50',NULL,'{\"SellerId\":6,\"SessionKey\":\"faa8e2a9-bba2-4ba9-8950-aa88261313a2\",\"Status\":\"ACTIVE\"}','{\"isSuccess\":true,\"Message\":\"Vouchers retrieved successfully\",\"Vouchers\":[{\"VOUCHER_ID\":3,\"SELLER_ID\":6,\"VOUCHER_CODE\":\"SAVE20\",\"VOUCHER_NAME\":\"Save ₱20\",\"VOUCHER_DESCRIPTION\":\"Get ₱20 off on any purchase\",\"DISCOUNT_AMOUNT\":20.00,\"MINIMUM_SPEND\":100.00,\"VALID_FROM\":\"2024-03-06T00:00:00\",\"VALID_TO\":\"2024-12-31T23:59:59\",\"MAX_USES\":50,\"USED_COUNT\":0,\"VOUCHER_STATUS\":\"A\",\"DATE_ADDED\":\"2026-03-06T04:49:15\",\"DATE_UPDATED\":null}],\"TotalCount\":1}'),
(260,'GetVouchers','2026-03-06 04:54:16',NULL,'{\"SellerId\":6,\"SessionKey\":\"faa8e2a9-bba2-4ba9-8950-aa88261313a2\",\"Status\":\"ALL\"}','{\"isSuccess\":true,\"Message\":\"Vouchers retrieved successfully\",\"Vouchers\":[{\"VOUCHER_ID\":4,\"SELLER_ID\":6,\"VOUCHER_CODE\":\"SAVE10000\",\"VOUCHER_NAME\":\"Save ₱10000\",\"VOUCHER_DESCRIPTION\":\"Get ₱20 off on any purchase\",\"DISCOUNT_AMOUNT\":10000.00,\"MINIMUM_SPEND\":100.00,\"VALID_FROM\":\"2024-03-06T00:00:00\",\"VALID_TO\":\"2024-12-31T00:00:00\",\"MAX_USES\":50,\"USED_COUNT\":0,\"VOUCHER_STATUS\":\"I\",\"DATE_ADDED\":\"2026-03-06T04:50:08\",\"DATE_UPDATED\":\"2026-03-06T04:51:50\"},{\"VOUCHER_ID\":3,\"SELLER_ID\":6,\"VOUCHER_CODE\":\"SAVE20\",\"VOUCHER_NAME\":\"Save ₱20\",\"VOUCHER_DESCRIPTION\":\"Get ₱20 off on any purchase\",\"DISCOUNT_AMOUNT\":20.00,\"MINIMUM_SPEND\":100.00,\"VALID_FROM\":\"2024-03-06T00:00:00\",\"VALID_TO\":\"2024-12-31T23:59:59\",\"MAX_USES\":50,\"USED_COUNT\":0,\"VOUCHER_STATUS\":\"A\",\"DATE_ADDED\":\"2026-03-06T04:49:15\",\"DATE_UPDATED\":null}],\"TotalCount\":2}'),
(261,'GetVouchers','2026-03-06 04:56:37',NULL,'{\"SellerId\":6,\"SessionKey\":\"faa8e2a9-bba2-4ba9-8950-aa88261313a2\",\"Status\":\"ALL\"}','{\"isSuccess\":true,\"Message\":\"Vouchers retrieved successfully\",\"Vouchers\":[{\"VOUCHER_ID\":4,\"SELLER_ID\":6,\"VOUCHER_CODE\":\"SAVE10000\",\"VOUCHER_NAME\":\"Save ₱10000\",\"VOUCHER_DESCRIPTION\":\"Get ₱20 off on any purchase\",\"DISCOUNT_AMOUNT\":10000.00,\"MINIMUM_SPEND\":100.00,\"VALID_FROM\":\"2024-03-06T00:00:00\",\"VALID_TO\":\"2024-12-31T00:00:00\",\"MAX_USES\":50,\"USED_COUNT\":0,\"VOUCHER_STATUS\":\"I\",\"DATE_ADDED\":\"2026-03-06T04:50:08\",\"DATE_UPDATED\":\"2026-03-06T04:51:50\"},{\"VOUCHER_ID\":3,\"SELLER_ID\":6,\"VOUCHER_CODE\":\"SAVE20\",\"VOUCHER_NAME\":\"Save ₱20\",\"VOUCHER_DESCRIPTION\":\"Get ₱20 off on any purchase\",\"DISCOUNT_AMOUNT\":20.00,\"MINIMUM_SPEND\":100.00,\"VALID_FROM\":\"2024-03-06T00:00:00\",\"VALID_TO\":\"2024-12-31T23:59:59\",\"MAX_USES\":50,\"USED_COUNT\":0,\"VOUCHER_STATUS\":\"A\",\"DATE_ADDED\":\"2026-03-06T04:49:15\",\"DATE_UPDATED\":null}],\"TotalCount\":2}'),
(262,'GetVouchers','2026-03-06 04:57:59',NULL,'{\"SellerId\":6,\"SessionKey\":\"faa8e2a9-bba2-4ba9-8950-aa88261313a2\",\"Status\":\"ALL\"}','{\"isSuccess\":true,\"Message\":\"Vouchers retrieved successfully\",\"Vouchers\":[{\"VOUCHER_ID\":3,\"SELLER_ID\":6,\"VOUCHER_CODE\":\"SAVE20\",\"VOUCHER_NAME\":\"Save ₱20\",\"VOUCHER_DESCRIPTION\":\"Get ₱20 off on any purchase\",\"DISCOUNT_AMOUNT\":20.00,\"MINIMUM_SPEND\":100.00,\"VALID_FROM\":\"2024-03-06T00:00:00\",\"VALID_TO\":\"2024-12-31T23:59:59\",\"MAX_USES\":50,\"USED_COUNT\":0,\"VOUCHER_STATUS\":\"A\",\"DATE_ADDED\":\"2026-03-06T04:49:15\",\"DATE_UPDATED\":null},{\"VOUCHER_ID\":4,\"SELLER_ID\":6,\"VOUCHER_CODE\":\"SAVE10000\",\"VOUCHER_NAME\":\"Save ₱10000\",\"VOUCHER_DESCRIPTION\":\"Get ₱20 off on any purchase\",\"DISCOUNT_AMOUNT\":10000.00,\"MINIMUM_SPEND\":100.00,\"VALID_FROM\":\"2024-03-06T00:00:00\",\"VALID_TO\":\"2024-12-31T00:00:00\",\"MAX_USES\":50,\"USED_COUNT\":0,\"VOUCHER_STATUS\":\"I\",\"DATE_ADDED\":\"2026-03-06T04:50:08\",\"DATE_UPDATED\":\"2026-03-06T04:51:50\"}],\"TotalCount\":2}'),
(263,'GetVouchers','2026-03-06 05:30:46',NULL,'{\"SellerId\":6,\"SessionKey\":\"faa8e2a9-bba2-4ba9-8950-aa88261313a2\",\"Status\":\"ALL\"}','{\"isSuccess\":true,\"Message\":\"Vouchers retrieved successfully\",\"Vouchers\":[{\"VoucherId\":4,\"SellerId\":6,\"VoucherCode\":\"SAVE10000\",\"VoucherName\":\"Save ₱10000\",\"VoucherDescription\":\"Get ₱20 off on any purchase\",\"DiscountAmount\":10000.00,\"MinimumSpend\":100.00,\"ValidFrom\":\"2024-03-06T00:00:00\",\"ValidTo\":\"2024-12-31T00:00:00\",\"MaxUses\":50,\"UsedCount\":0,\"VoucherStatus\":\"I\",\"DateAdded\":\"2026-03-06T04:50:08\",\"DateUpdated\":\"2026-03-06T04:51:50\"},{\"VoucherId\":3,\"SellerId\":6,\"VoucherCode\":\"SAVE20\",\"VoucherName\":\"Save ₱20\",\"VoucherDescription\":\"Get ₱20 off on any purchase\",\"DiscountAmount\":20.00,\"MinimumSpend\":100.00,\"ValidFrom\":\"2024-03-06T00:00:00\",\"ValidTo\":\"2024-12-31T23:59:59\",\"MaxUses\":50,\"UsedCount\":0,\"VoucherStatus\":\"A\",\"DateAdded\":\"2026-03-06T04:49:15\",\"DateUpdated\":null}],\"TotalCount\":2}'),
(264,'GetActiveVouchers','2026-03-06 05:30:52',NULL,'{}','{\"isSuccess\":true,\"Message\":\"Active vouchers retrieved successfully\",\"Vouchers\":[],\"TotalCount\":0}'),
(265,'GetActiveVouchers','2026-03-06 05:31:03',NULL,'{}','{\"isSuccess\":true,\"Message\":\"Active vouchers retrieved successfully\",\"Vouchers\":[],\"TotalCount\":0}'),
(266,'ValidateVoucher','2026-03-06 05:33:40',NULL,'{\"VoucherCode\":\"SAVE20\",\"CartTotal\":150.00}','{\"isValid\":false,\"Message\":\"Invalid or expired voucher code\",\"VoucherCode\":null,\"VoucherName\":null,\"DiscountAmount\":0.0,\"MinimumSpend\":0.0}'),
(267,'CreateVoucher','2026-03-06 05:34:37',NULL,'{\"SellerId\":6,\"SessionKey\":\"faa8e2a9-bba2-4ba9-8950-aa88261313a2\",\"VoucherCode\":\"SAVE100\",\"VoucherName\":\"Save ₱100\",\"VoucherDescription\":\"Get ₱100 off on any purchase\",\"DiscountAmount\":100.00,\"MinimumSpend\":100.00,\"ValidFrom\":\"2026-03-06T00:00:00\",\"ValidTo\":\"2026-12-31T00:00:00\",\"MaxUses\":50}','{\"isSuccess\":true,\"Message\":\"Voucher created successfully\",\"VoucherId\":5,\"VoucherCode\":\"SAVE100\"}'),
(268,'GetActiveVouchers','2026-03-06 05:34:42',NULL,'{}','{\"isSuccess\":true,\"Message\":\"Active vouchers retrieved successfully\",\"Vouchers\":[{\"VoucherId\":5,\"SellerId\":6,\"VoucherCode\":\"SAVE100\",\"VoucherName\":\"Save ₱100\",\"VoucherDescription\":\"Get ₱100 off on any purchase\",\"DiscountAmount\":100.00,\"MinimumSpend\":100.00,\"ValidFrom\":\"2026-03-06T00:00:00\",\"ValidTo\":\"2026-12-31T00:00:00\",\"MaxUses\":50,\"UsedCount\":0,\"VoucherStatus\":\"A\",\"DateAdded\":\"2026-03-06T05:34:37\",\"DateUpdated\":null}],\"TotalCount\":1}'),
(269,'ValidateVoucher','2026-03-06 05:34:49',NULL,'{\"VoucherCode\":\"SAVE100\",\"CartTotal\":150.00}','{\"isValid\":true,\"Message\":\"Voucher is valid\",\"VoucherCode\":\"SAVE100\",\"VoucherName\":\"Save ₱100\",\"DiscountAmount\":100.00,\"MinimumSpend\":100.00}'),
(270,'LoginBuyer','2026-03-06 05:34:58',NULL,'{\"UserName\":\"Sindel\",\"Password\":\"c97e0953\"}','{\"isSuccess\":true,\"Message\":\"Welcome Buyer! Login Successful\",\"UserId\":6,\"SessionKey\":\"2238d9ed-2238-4970-9e70-707373bedb70\",\"UserType\":\"B\"}'),
(271,'GetCart','2026-03-06 05:35:08',NULL,'{\"BuyerId\":6,\"SessionKey\":\"2238d9ed-2238-4970-9e70-707373bedb70\"}','{\"isSuccess\":true,\"Message\":\"Cart is empty\",\"BuyerId\":0,\"TotalItems\":0,\"Subtotal\":0.0,\"Items\":[]}'),
(272,'AddToCart','2026-03-06 05:35:24',NULL,'{\"BuyerId\":6,\"SessionKey\":\"dd99776c-6297-46e2-a9e5-142a548a49be\",\"ProductId\":2,\"Quantity\":5}','{\"isSuccess\":false,\"Message\":\"Invalid buyer session. Please login again.\",\"CartId\":0,\"TotalItems\":0,\"CartTotal\":0.0}'),
(273,'AddToCart','2026-03-06 05:35:30',NULL,'{\"BuyerId\":6,\"SessionKey\":\"2238d9ed-2238-4970-9e70-707373bedb70\",\"ProductId\":2,\"Quantity\":5}','{\"isSuccess\":true,\"Message\":\"Item added to cart successfully\",\"CartId\":4,\"TotalItems\":5,\"CartTotal\":799.95}'),
(274,'ApplyVoucher','2026-03-06 05:35:50',NULL,'{\"UserId\":123,\"SessionKey\":\"2238d9ed-2238-4970-9e70-707373bedb70\",\"UserType\":\"BUYER\",\"VoucherCode\":\"SAVE50\",\"CartTotal\":250.00,\"OrderId\":456}','{\"isSuccess\":false,\"Message\":\"User ID does not match session\",\"VoucherId\":0,\"VoucherCode\":null,\"VoucherName\":null,\"OriginalTotal\":0.0,\"DiscountAmount\":0.0,\"FinalTotal\":0.0,\"MinimumSpend\":0.0}'),
(275,'ApplyVoucher','2026-03-06 05:35:59',NULL,'{\"UserId\":6,\"SessionKey\":\"2238d9ed-2238-4970-9e70-707373bedb70\",\"UserType\":\"BUYER\",\"VoucherCode\":\"SAVE50\",\"CartTotal\":250.00,\"OrderId\":456}','{\"isSuccess\":false,\"Message\":\"Invalid or expired voucher code\",\"VoucherId\":0,\"VoucherCode\":null,\"VoucherName\":null,\"OriginalTotal\":0.0,\"DiscountAmount\":0.0,\"FinalTotal\":0.0,\"MinimumSpend\":0.0}'),
(276,'ApplyVoucher','2026-03-06 05:36:04',NULL,'{\"UserId\":6,\"SessionKey\":\"2238d9ed-2238-4970-9e70-707373bedb70\",\"UserType\":\"BUYER\",\"VoucherCode\":\"SAVE100\",\"CartTotal\":250.00,\"OrderId\":456}','{\"isSuccess\":true,\"Message\":\"Voucher applied successfully\",\"VoucherId\":5,\"VoucherCode\":\"SAVE100\",\"VoucherName\":\"Save ₱100\",\"OriginalTotal\":250.00,\"DiscountAmount\":100.00,\"FinalTotal\":150.00,\"MinimumSpend\":100.00}'),
(277,'GetCart','2026-03-06 05:36:56',NULL,'{\"BuyerId\":6,\"SessionKey\":\"2238d9ed-2238-4970-9e70-707373bedb70\"}','{\"isSuccess\":true,\"Message\":\"Cart retrieved successfully\",\"BuyerId\":6,\"TotalItems\":5,\"Subtotal\":799.95,\"Items\":[{\"CartId\":4,\"ProductId\":2,\"ProductName\":\"Black Tshirt\",\"ProductDescription\":\"Black Cotton Tshirt\",\"Price\":159.99,\"Quantity\":5,\"Subtotal\":799.95,\"AvailableStock\":500,\"StoreName\":\"RNCS SHOP\",\"SellerId\":4,\"Brand\":\"Uniqlo\"}]}'),
(278,'UpdateProduct','2026-03-10 20:52:50',NULL,'{\"SellerId\":6,\"SessionKey\":\"4932bc5f-2b8f-4d6e-b377-89ed381e30e1\",\"ProductId\":1,\"ProductName\":null,\"ProductDescription\":null,\"Price\":74999.99,\"Quantity\":0,\"Category\":null,\"Brand\":null}','{\"isSuccess\":false,\"Message\":\"Invalid seller session\",\"ProductId\":0}'),
(279,'LoginSeller','2026-03-10 20:52:58',NULL,'{\"UserName\":\"Mtony\",\"Password\":\"mrcnthnyzpt\"}','{\"isSuccess\":true,\"Message\":\"Welcome Seller! Login Successful\",\"UserId\":6,\"SessionKey\":\"c8534bc8-47e0-4d54-b851-db85b743c451\",\"UserType\":\"S\"}'),
(280,'UpdateProduct','2026-03-10 20:53:08',NULL,'{\"SellerId\":6,\"SessionKey\":\"c8534bc8-47e0-4d54-b851-db85b743c451\",\"ProductId\":1,\"ProductName\":null,\"ProductDescription\":null,\"Price\":74999.99,\"Quantity\":0,\"Category\":null,\"Brand\":null}','{\"isSuccess\":false,\"Message\":\"Product not found or does not belong to this seller\",\"ProductId\":0}'),
(281,'LoginBuyer','2026-03-10 20:53:43',NULL,'{\"UserName\":\"Sindel\",\"Password\":\"c97e0953\"}','{\"isSuccess\":true,\"Message\":\"Welcome Buyer! Login Successful\",\"UserId\":6,\"SessionKey\":\"e3870b4a-ce05-4872-9eae-eee21db76ccf\",\"UserType\":\"B\"}'),
(282,'UpdateProduct','2026-03-10 20:54:24',NULL,'{\"SellerId\":6,\"SessionKey\":\"c8534bc8-47e0-4d54-b851-db85b743c451\",\"ProductId\":13,\"ProductName\":null,\"ProductDescription\":null,\"Price\":74999.99,\"Quantity\":0,\"Category\":null,\"Brand\":null}','{\"isSuccess\":false,\"Message\":\"Product not found or does not belong to this seller\",\"ProductId\":0}'),
(283,'UpdateProduct','2026-03-10 20:54:25',NULL,'{\"SellerId\":6,\"SessionKey\":\"c8534bc8-47e0-4d54-b851-db85b743c451\",\"ProductId\":13,\"ProductName\":null,\"ProductDescription\":null,\"Price\":74999.99,\"Quantity\":0,\"Category\":null,\"Brand\":null}','{\"isSuccess\":false,\"Message\":\"Product not found or does not belong to this seller\",\"ProductId\":0}'),
(284,'LoginSeller','2026-03-10 21:03:31',NULL,'{\"UserName\":\"Mtony\",\"Password\":\"mrcnthnyzpt\"}','{\"isSuccess\":true,\"Message\":\"Welcome Seller! Login Successful\",\"UserId\":6,\"SessionKey\":\"74845a21-dbfd-4125-9e3e-9c7e919f6d2d\",\"UserType\":\"S\"}'),
(285,'UpdateProduct','2026-03-10 21:03:46',NULL,'{\"SellerId\":6,\"SessionKey\":\"74845a21-dbfd-4125-9e3e-9c7e919f6d2d\",\"ProductId\":1,\"ProductName\":null,\"ProductDescription\":null,\"Price\":74999.99,\"Quantity\":9,\"Category\":null,\"Brand\":null}','{\"isSuccess\":false,\"Message\":\"Product not found or does not belong to this seller\",\"ProductId\":0}'),
(286,'UpdateProduct','2026-03-10 21:06:52',NULL,'{\"SellerId\":6,\"SessionKey\":\"74845a21-dbfd-4125-9e3e-9c7e919f6d2d\",\"ProductId\":1,\"ProductName\":null,\"ProductDescription\":null,\"Price\":74999.99,\"Quantity\":9,\"Category\":null,\"Brand\":null}','{\"isSuccess\":true,\"Message\":\"Product updated successfully\",\"ProductId\":1}'),
(287,'UpdateProduct','2026-03-10 21:07:01',NULL,'{\"SellerId\":6,\"SessionKey\":\"74845a21-dbfd-4125-9e3e-9c7e919f6d2d\",\"ProductId\":1,\"ProductName\":null,\"ProductDescription\":null,\"Price\":74999.99,\"Quantity\":0,\"Category\":null,\"Brand\":null}','{\"isSuccess\":true,\"Message\":\"Product updated successfully\",\"ProductId\":1}'),
(288,'LoginBuyer','2026-03-10 21:07:49',NULL,'{\"UserName\":\"Sindel\",\"Password\":\"c97e0953\"}','{\"isSuccess\":true,\"Message\":\"Welcome Buyer! Login Successful\",\"UserId\":6,\"SessionKey\":\"e98b7328-049f-42f9-947d-e661f0f95b02\",\"UserType\":\"B\"}'),
(289,'AddToCart','2026-03-10 21:08:11',NULL,'{\"BuyerId\":6,\"SessionKey\":\"e98b7328-049f-42f9-947d-e661f0f95b02\",\"ProductId\":1,\"Quantity\":5}','{\"isSuccess\":false,\"Message\":\"Product is sold out\",\"CartId\":0,\"TotalItems\":0,\"CartTotal\":0.0}'),
(290,'GetProducts','2026-03-10 21:17:12',NULL,'{\"Keyword\":\"laptop\",\"CategoryId\":null,\"SellerId\":6,\"Status\":\"ACTIVE\",\"SessionKey\":\"e98b7328-049f-42f9-947d-e661f0f95b02\",\"UserId\":null}','{\"isSuccess\":false,\"Message\":\"Invalid seller session\",\"ProductsList\":null,\"TotalCount\":0,\"CategoryName\":null,\"CategoryId\":null}'),
(291,'LoginBuyer','2026-03-12 00:40:04',NULL,'{\"UserName\":\"Sindel\",\"Password\":\"c97e0953\"}','{\"isSuccess\":true,\"Message\":\"Welcome Buyer! Login Successful\",\"UserId\":6,\"SessionKey\":\"d12438e8-a897-402b-a8f5-5b96ab16cc11\",\"UserType\":\"B\"}'),
(292,'AddReview','2026-03-12 00:40:15',NULL,'{\"ProductId\":1,\"BuyerId\":0,\"SessionKey\":\"d12438e8-a897-402b-a8f5-5b96ab16cc11\",\"Rating\":5,\"ReviewText\":\"Great product! Very satisfied with the quality and shipping was fast.\"}','Please provide Buyer ID'),
(293,'AddReview','2026-03-12 00:40:31',NULL,'{\"ProductId\":1,\"BuyerId\":0,\"SessionKey\":\"d12438e8-a897-402b-a8f5-5b96ab16cc11\",\"Rating\":5,\"ReviewText\":\"Great product! Very satisfied with the quality and shipping was fast.\"}','Please provide Buyer ID'),
(294,'AddReview','2026-03-12 00:41:08',NULL,'{\"ProductId\":1,\"BuyerId\":6,\"SessionKey\":\"d12438e8-a897-402b-a8f5-5b96ab16cc11\",\"Rating\":5,\"ReviewText\":\"Great product! Very satisfied with the quality and shipping was fast.\"}','{\"isSuccess\":true,\"Message\":\"Review added successfully\",\"ReviewId\":1}'),
(295,'AddComment','2026-03-12 00:42:34',NULL,'{\"ProductId\":1,\"UserId\":0,\"UserType\":\"BUYER\",\"SessionKey\":\"d12438e8-a897-402b-a8f5-5b96ab16cc11\",\"CommentText\":\"Does this product come in different colors?\"}','Please provide User ID'),
(296,'AddComment','2026-03-12 00:42:40',NULL,'{\"ProductId\":1,\"UserId\":10,\"UserType\":\"BUYER\",\"SessionKey\":\"d12438e8-a897-402b-a8f5-5b96ab16cc11\",\"CommentText\":\"Does this product come in different colors?\"}','{\"isSuccess\":false,\"Message\":\"User ID does not match session\",\"CommentId\":0}'),
(297,'AddComment','2026-03-12 00:42:46',NULL,'{\"ProductId\":1,\"UserId\":6,\"UserType\":\"BUYER\",\"SessionKey\":\"d12438e8-a897-402b-a8f5-5b96ab16cc11\",\"CommentText\":\"Does this product come in different colors?\"}','{\"isSuccess\":true,\"Message\":\"Comment added successfully\",\"CommentId\":1}'),
(298,'GetProductReviews','2026-03-12 00:45:39',NULL,'{\"ProductId\":6}','{\"isSuccess\":true,\"Message\":\"Reviews retrieved successfully\",\"Reviews\":[],\"AverageRating\":0.0}'),
(299,'GetProductReviews','2026-03-12 00:45:43',NULL,'{\"ProductId\":1}','{\"isSuccess\":true,\"Message\":\"Reviews retrieved successfully\",\"Reviews\":[{\"ReviewId\":1,\"BuyerName\":\"Ralph Laurence Cruz\",\"Rating\":5,\"ReviewText\":\"Great product! Very satisfied with the quality and shipping was fast.\",\"DateAdded\":\"2026-03-12T00:41:08\"}],\"AverageRating\":5.0}'),
(300,'AddComment','2026-03-12 00:45:57',NULL,'{\"ProductId\":1,\"UserId\":0,\"UserType\":null,\"SessionKey\":null,\"CommentText\":null}','Please provide User ID'),
(301,'GetProductComments','2026-03-12 00:46:12',NULL,'{\"ProductId\":1}','{\"isSuccess\":true,\"Message\":\"Comments retrieved successfully\",\"Comments\":[{\"CommentId\":1,\"UserName\":\"Ralph Laurence Cruz\",\"UserType\":\"BUYER\",\"CommentText\":\"Does this product come in different colors?\",\"DateAdded\":\"2026-03-12T00:42:46\"}]}'),
(302,'GetCart','2026-03-12 00:46:28',NULL,'{\"BuyerId\":6,\"SessionKey\":\"2238d9ed-2238-4970-9e70-707373bedb70\"}','{\"isSuccess\":false,\"Message\":\"Invalid buyer session. Please login again.\",\"BuyerId\":0,\"TotalItems\":0,\"Subtotal\":0.0,\"Items\":null}'),
(303,'GetCart','2026-03-12 00:46:44',NULL,'{\"BuyerId\":6,\"SessionKey\":\"d12438e8-a897-402b-a8f5-5b96ab16cc11\"}','{\"isSuccess\":true,\"Message\":\"Cart retrieved successfully\",\"BuyerId\":6,\"TotalItems\":5,\"Subtotal\":799.95,\"Items\":[{\"CartId\":4,\"ProductId\":2,\"ProductName\":\"Black Tshirt\",\"ProductDescription\":\"Black Cotton Tshirt\",\"Price\":159.99,\"Quantity\":5,\"Subtotal\":799.95,\"AvailableStock\":500,\"StoreName\":\"RNCS SHOP\",\"SellerId\":4,\"Brand\":\"Uniqlo\"}]}'),
(304,'GetProducts','2026-03-12 00:49:21',NULL,'{\"Keyword\":\"l\",\"CategoryId\":null,\"SellerId\":null,\"Status\":\"ACTIVE\",\"SessionKey\":null,\"UserId\":null,\"UserType\":null,\"Page\":null,\"PageSize\":null}','{\"isSuccess\":true,\"Message\":\"Products retrieved successfully\",\"ProductsList\":[{\"ProductId\":25,\"SellerId\":5,\"ProductName\":\"Rubik\'s Cube\",\"ProductDescription\":\"3x3 speed cube, stickerless, smooth rotation\",\"Price\":450.00,\"Quantity\":100,\"Category\":\"Toys\",\"Brand\":\"Gan Cube\",\"Status\":\"ACTIVE\",\"StoreName\":\"NEILJOSEPHJr.\",\"SellerName\":\"Neil Joseph Del Rosario\",\"DateAdded\":\"2026-02-12T04:12:50\"},{\"ProductId\":24,\"SellerId\":5,\"ProductName\":\"Adjustable Dumbbell Set\",\"ProductDescription\":\"2-in-1, 20kg total, non-slip grip, space-saving\",\"Price\":4499.00,\"Quantity\":20,\"Category\":\"Sports\",\"Brand\":\"Bowflex\",\"Status\":\"ACTIVE\",\"StoreName\":\"NEILJOSEPHJr.\",\"SellerName\":\"Neil Joseph Del Rosario\",\"DateAdded\":\"2026-02-12T04:12:45\"},{\"ProductId\":23,\"SellerId\":5,\"ProductName\":\"48 Laws of Power\",\"ProductDescription\":\"Robert Greene - Amoral, cunning, and practical lessons\",\"Price\":1599.00,\"Quantity\":45,\"Category\":\"Books\",\"Brand\":\"Penguin\",\"Status\":\"ACTIVE\",\"StoreName\":\"NEILJOSEPHJr.\",\"SellerName\":\"Neil Joseph Del Rosario\",\"DateAdded\":\"2026-02-12T04:12:40\"},{\"ProductId\":22,\"SellerId\":5,\"ProductName\":\"Summer Dress\",\"ProductDescription\":\"Floral print, midi length, adjustable straps, lightweight fabric\",\"Price\":1299.00,\"Quantity\":60,\"Category\":\"Clothing\",\"Brand\":\"Zara\",\"Status\":\"ACTIVE\",\"StoreName\":\"NEILJOSEPHJr.\",\"SellerName\":\"Neil Joseph Del Rosario\",\"DateAdded\":\"2026-02-12T04:12:35\"},{\"ProductId\":21,\"SellerId\":5,\"ProductName\":\"iPad Air 5th Gen\",\"ProductDescription\":\"10.9-inch Liquid Retina display, M1 chip, 64GB, Wi-Fi\",\"Price\":34990.00,\"Quantity\":15,\"Category\":\"Electronics\",\"Brand\":\"Apple\",\"Status\":\"ACTIVE\",\"StoreName\":\"NEILJOSEPHJr.\",\"SellerName\":\"Neil Joseph Del Rosario\",\"DateAdded\":\"2026-02-12T04:12:31\"},{\"ProductId\":20,\"SellerId\":6,\"ProductName\":\"Ergonomic Office Chair\",\"ProductDescription\":\"Mesh back, lumbar support, adjustable armrest, breathable\",\"Price\":7999.00,\"Quantity\":15,\"Category\":\"Office Supplies\",\"Brand\":\"Sihoo\",\"Status\":\"ACTIVE\",\"StoreName\":\"DI MAKAUSAD\",\"SellerName\":\"Marc Anthony Zapata\",\"DateAdded\":\"2026-02-12T04:10:28\"},{\"ProductId\":16,\"SellerId\":6,\"ProductName\":\"Rich Dad Poor Dad\",\"ProductDescription\":\"Robert Kiyosaki - What the Rich Teach Their Kids About Money\",\"Price\":699.00,\"Quantity\":80,\"Category\":\"Books\",\"Brand\":\"Plata Publishing\",\"Status\":\"ACTIVE\",\"StoreName\":\"DI MAKAUSAD\",\"SellerName\":\"Marc Anthony Zapata\",\"DateAdded\":\"2026-02-12T04:10:09\"},{\"ProductId\":15,\"SellerId\":6,\"ProductName\":\"Air Purifier\",\"ProductDescription\":\"HEPA filter, covers 40sqm, quiet operation, air quality indicator\",\"Price\":5999.00,\"Quantity\":12,\"Category\":\"Home & Living\",\"Brand\":\"Sharp\",\"Status\":\"ACTIVE\",\"StoreName\":\"DI MAKAUSAD\",\"SellerName\":\"Marc Anthony Zapata\",\"DateAdded\":\"2026-02-12T04:10:05\"},{\"ProductId\":14,\"SellerId\":6,\"ProductName\":\"Women\'s Sneakers\",\"ProductDescription\":\"White leather platform sneakers, lace-up, cushioned insole\",\"Price\":3299.00,\"Quantity\":35,\"Category\":\"Clothing\",\"Brand\":\"Adidas\",\"Status\":\"ACTIVE\",\"StoreName\":\"DI MAKAUSAD\",\"SellerName\":\"Marc Anthony Zapata\",\"DateAdded\":\"2026-02-12T04:10:01\"},{\"ProductId\":10,\"SellerId\":4,\"ProductName\":\"Remote Control Car\",\"ProductDescription\":\"1:18 scale, 2.4GHz, off-road, rechargeable battery\",\"Price\":1599.00,\"Quantity\":25,\"Category\":\"Toys\",\"Brand\":\"Traxxas\",\"Status\":\"ACTIVE\",\"StoreName\":\"RNCS SHOP\",\"SellerName\":\"Ronaldo Neil Salcedo\",\"DateAdded\":\"2026-02-12T04:08:11\"},{\"ProductId\":9,\"SellerId\":4,\"ProductName\":\"Pure Honey\",\"ProductDescription\":\"100% organic raw honey, 500ml, no additives\",\"Price\":350.00,\"Quantity\":200,\"Category\":\"Food & Beverages\",\"Brand\":\"Healthy Options\",\"Status\":\"ACTIVE\",\"StoreName\":\"RNCS SHOP\",\"SellerName\":\"Ronaldo Neil Salcedo\",\"DateAdded\":\"2026-02-12T04:08:06\"},{\"ProductId\":8,\"SellerId\":4,\"ProductName\":\"Yoga Mat\",\"ProductDescription\":\"Eco-friendly, non-slip, 6mm thickness, with carry strap\",\"Price\":1299.00,\"Quantity\":60,\"Category\":\"Sports\",\"Brand\":\"Liforme\",\"Status\":\"ACTIVE\",\"StoreName\":\"RNCS SHOP\",\"SellerName\":\"Ronaldo Neil Salcedo\",\"DateAdded\":\"2026-02-12T04:08:02\"},{\"ProductId\":7,\"SellerId\":4,\"ProductName\":\"Matte Liquid Lipstick\",\"ProductDescription\":\"Long-lasting, highly pigmented, shade: Ruby Woo\",\"Price\":450.00,\"Quantity\":120,\"Category\":\"Beauty\",\"Brand\":\"MAC\",\"Status\":\"ACTIVE\",\"StoreName\":\"RNCS SHOP\",\"SellerName\":\"Ronaldo Neil Salcedo\",\"DateAdded\":\"2026-02-12T04:07:57\"},{\"ProductId\":5,\"SellerId\":4,\"ProductName\":\"Non-stick Frying Pan Set\",\"ProductDescription\":\"3-piece set, granite coating, induction compatible\",\"Price\":1899.00,\"Quantity\":30,\"Category\":\"Home & Living\",\"Brand\":\"Tefal\",\"Status\":\"ACTIVE\",\"StoreName\":\"RNCS SHOP\",\"SellerName\":\"Ronaldo Neil Salcedo\",\"DateAdded\":\"2026-02-12T04:07:48\"},{\"ProductId\":4,\"SellerId\":4,\"ProductName\":\"Men\'s Running Shoes\",\"ProductDescription\":\"Lightweight breathable mesh, cushioned sole, size 42\",\"Price\":2499.00,\"Quantity\":45,\"Category\":\"Clothing\",\"Brand\":\"Nike\",\"Status\":\"ACTIVE\",\"StoreName\":\"RNCS SHOP\",\"SellerName\":\"Ronaldo Neil Salcedo\",\"DateAdded\":\"2026-02-12T04:07:43\"},{\"ProductId\":3,\"SellerId\":4,\"ProductName\":\"Samsung 55-inch 4K Smart TV\",\"ProductDescription\":\"55-inch Crystal UHD 4K Smart TV, HDR, Alexa built-in\",\"Price\":34990.00,\"Quantity\":10,\"Category\":\"Electronics\",\"Brand\":\"Samsung\",\"Status\":\"ACTIVE\",\"StoreName\":\"RNCS SHOP\",\"SellerName\":\"Ronaldo Neil Salcedo\",\"DateAdded\":\"2026-02-12T04:07:38\"},{\"ProductId\":2,\"SellerId\":4,\"ProductName\":\"Black Tshirt\",\"ProductDescription\":\"Black Cotton Tshirt\",\"Price\":159.99,\"Quantity\":500,\"Category\":\"Clothing\",\"Brand\":\"Uniqlo\",\"Status\":\"ACTIVE\",\"StoreName\":\"RNCS SHOP\",\"SellerName\":\"Ronaldo Neil Salcedo\",\"DateAdded\":\"2026-02-12T04:06:15\"},{\"ProductId\":1,\"SellerId\":6,\"ProductName\":\"iPhone 15 Pro\",\"ProductDescription\":\"Latest Apple smartphone with A17 chip, titanium body\",\"Price\":74999.99,\"Quantity\":0,\"Category\":\"Electronics\",\"Brand\":\"Apple\",\"Status\":\"INACTIVE\",\"StoreName\":\"DI MAKAUSAD\",\"SellerName\":\"Marc Anthony Zapata\",\"DateAdded\":\"2026-02-12T00:20:41\"}],\"TotalCount\":18,\"CategoryName\":null,\"CategoryId\":null,\"SellerName\":null,\"SellerId\":null,\"CurrentPage\":null,\"PageSize\":null,\"TotalPages\":null}'),
(305,'GetProducts','2026-03-12 00:50:29',NULL,'{\"Keyword\":\"shoe\",\"CategoryId\":2,\"SellerId\":null,\"Status\":\"ACTIVE\",\"SessionKey\":\"d12438e8-a897-402b-a8f5-5b96ab16cc11\",\"UserId\":5,\"UserType\":\"BUYER\",\"Page\":1,\"PageSize\":10}','{\"isSuccess\":false,\"Message\":\"User ID does not match session\",\"ProductsList\":null,\"TotalCount\":0,\"CategoryName\":null,\"CategoryId\":null,\"SellerName\":null,\"SellerId\":null,\"CurrentPage\":null,\"PageSize\":null,\"TotalPages\":null}'),
(306,'GetProducts','2026-03-12 00:50:34',NULL,'{\"Keyword\":\"shoe\",\"CategoryId\":2,\"SellerId\":null,\"Status\":\"ACTIVE\",\"SessionKey\":\"d12438e8-a897-402b-a8f5-5b96ab16cc11\",\"UserId\":6,\"UserType\":\"BUYER\",\"Page\":1,\"PageSize\":10}','{\"isSuccess\":true,\"Message\":\"Products retrieved successfully\",\"ProductsList\":[{\"ProductId\":4,\"SellerId\":4,\"ProductName\":\"Men\'s Running Shoes\",\"ProductDescription\":\"Lightweight breathable mesh, cushioned sole, size 42\",\"Price\":2499.00,\"Quantity\":45,\"Category\":\"Clothing\",\"Brand\":\"Nike\",\"Status\":\"ACTIVE\",\"StoreName\":\"RNCS SHOP\",\"SellerName\":\"Ronaldo Neil Salcedo\",\"DateAdded\":\"2026-02-12T04:07:43\"}],\"TotalCount\":1,\"CategoryName\":\"Clothing\",\"CategoryId\":2,\"SellerName\":null,\"SellerId\":null,\"CurrentPage\":1,\"PageSize\":10,\"TotalPages\":1}'),
(307,'GetProducts','2026-03-12 00:50:40',NULL,'{\"Keyword\":\"e\",\"CategoryId\":2,\"SellerId\":null,\"Status\":\"ACTIVE\",\"SessionKey\":\"d12438e8-a897-402b-a8f5-5b96ab16cc11\",\"UserId\":6,\"UserType\":\"BUYER\",\"Page\":1,\"PageSize\":10}','{\"isSuccess\":true,\"Message\":\"Products retrieved successfully\",\"ProductsList\":[{\"ProductId\":22,\"SellerId\":5,\"ProductName\":\"Summer Dress\",\"ProductDescription\":\"Floral print, midi length, adjustable straps, lightweight fabric\",\"Price\":1299.00,\"Quantity\":60,\"Category\":\"Clothing\",\"Brand\":\"Zara\",\"Status\":\"ACTIVE\",\"StoreName\":\"NEILJOSEPHJr.\",\"SellerName\":\"Neil Joseph Del Rosario\",\"DateAdded\":\"2026-02-12T04:12:35\"},{\"ProductId\":14,\"SellerId\":6,\"ProductName\":\"Women\'s Sneakers\",\"ProductDescription\":\"White leather platform sneakers, lace-up, cushioned insole\",\"Price\":3299.00,\"Quantity\":35,\"Category\":\"Clothing\",\"Brand\":\"Adidas\",\"Status\":\"ACTIVE\",\"StoreName\":\"DI MAKAUSAD\",\"SellerName\":\"Marc Anthony Zapata\",\"DateAdded\":\"2026-02-12T04:10:01\"},{\"ProductId\":4,\"SellerId\":4,\"ProductName\":\"Men\'s Running Shoes\",\"ProductDescription\":\"Lightweight breathable mesh, cushioned sole, size 42\",\"Price\":2499.00,\"Quantity\":45,\"Category\":\"Clothing\",\"Brand\":\"Nike\",\"Status\":\"ACTIVE\",\"StoreName\":\"RNCS SHOP\",\"SellerName\":\"Ronaldo Neil Salcedo\",\"DateAdded\":\"2026-02-12T04:07:43\"}],\"TotalCount\":3,\"CategoryName\":\"Clothing\",\"CategoryId\":2,\"SellerName\":null,\"SellerId\":null,\"CurrentPage\":1,\"PageSize\":10,\"TotalPages\":1}'),
(308,'GetProducts','2026-03-12 00:56:44',NULL,'{\"Keyword\":\"iPhone\",\"CategoryId\":2,\"SellerId\":null,\"Status\":\"ACTIVE\",\"SessionKey\":\"d12438e8-a897-402b-a8f5-5b96ab16cc11\",\"UserId\":6,\"UserType\":\"BUYER\",\"Page\":1,\"PageSize\":10}','{\"isSuccess\":true,\"Message\":\"No products found matching your search\",\"ProductsList\":[],\"TotalCount\":0,\"CategoryName\":\"Clothing\",\"CategoryId\":2,\"SellerName\":null,\"SellerId\":null,\"CurrentPage\":1,\"PageSize\":10,\"TotalPages\":0}'),
(309,'GetProducts','2026-03-12 00:57:02',NULL,'{\"Keyword\":\"ie\",\"CategoryId\":2,\"SellerId\":null,\"Status\":\"ACTIVE\",\"SessionKey\":\"d12438e8-a897-402b-a8f5-5b96ab16cc11\",\"UserId\":6,\"UserType\":\"BUYER\",\"Page\":1,\"PageSize\":10}','{\"isSuccess\":true,\"Message\":\"No products found matching your search\",\"ProductsList\":[],\"TotalCount\":0,\"CategoryName\":\"Clothing\",\"CategoryId\":2,\"SellerName\":null,\"SellerId\":null,\"CurrentPage\":1,\"PageSize\":10,\"TotalPages\":0}'),
(310,'GetProducts','2026-03-12 00:57:06',NULL,'{\"Keyword\":\"i\",\"CategoryId\":2,\"SellerId\":null,\"Status\":\"ACTIVE\",\"SessionKey\":\"d12438e8-a897-402b-a8f5-5b96ab16cc11\",\"UserId\":6,\"UserType\":\"BUYER\",\"Page\":1,\"PageSize\":10}','{\"isSuccess\":true,\"Message\":\"Products retrieved successfully\",\"ProductsList\":[{\"ProductId\":22,\"SellerId\":5,\"ProductName\":\"Summer Dress\",\"ProductDescription\":\"Floral print, midi length, adjustable straps, lightweight fabric\",\"Price\":1299.00,\"Quantity\":60,\"Category\":\"Clothing\",\"Brand\":\"Zara\",\"Status\":\"ACTIVE\",\"StoreName\":\"NEILJOSEPHJr.\",\"SellerName\":\"Neil Joseph Del Rosario\",\"DateAdded\":\"2026-02-12T04:12:35\"},{\"ProductId\":14,\"SellerId\":6,\"ProductName\":\"Women\'s Sneakers\",\"ProductDescription\":\"White leather platform sneakers, lace-up, cushioned insole\",\"Price\":3299.00,\"Quantity\":35,\"Category\":\"Clothing\",\"Brand\":\"Adidas\",\"Status\":\"ACTIVE\",\"StoreName\":\"DI MAKAUSAD\",\"SellerName\":\"Marc Anthony Zapata\",\"DateAdded\":\"2026-02-12T04:10:01\"},{\"ProductId\":4,\"SellerId\":4,\"ProductName\":\"Men\'s Running Shoes\",\"ProductDescription\":\"Lightweight breathable mesh, cushioned sole, size 42\",\"Price\":2499.00,\"Quantity\":45,\"Category\":\"Clothing\",\"Brand\":\"Nike\",\"Status\":\"ACTIVE\",\"StoreName\":\"RNCS SHOP\",\"SellerName\":\"Ronaldo Neil Salcedo\",\"DateAdded\":\"2026-02-12T04:07:43\"},{\"ProductId\":2,\"SellerId\":4,\"ProductName\":\"Black Tshirt\",\"ProductDescription\":\"Black Cotton Tshirt\",\"Price\":159.99,\"Quantity\":500,\"Category\":\"Clothing\",\"Brand\":\"Uniqlo\",\"Status\":\"ACTIVE\",\"StoreName\":\"RNCS SHOP\",\"SellerName\":\"Ronaldo Neil Salcedo\",\"DateAdded\":\"2026-02-12T04:06:15\"}],\"TotalCount\":4,\"CategoryName\":\"Clothing\",\"CategoryId\":2,\"SellerName\":null,\"SellerId\":null,\"CurrentPage\":1,\"PageSize\":10,\"TotalPages\":1}'),
(311,'GetProducts','2026-03-12 00:58:39',NULL,'{\"Keyword\":\"i\",\"CategoryId\":null,\"SellerId\":null,\"Status\":\"ACTIVE\",\"SessionKey\":\"d12438e8-a897-402b-a8f5-5b96ab16cc11\",\"UserId\":6,\"UserType\":\"BUYER\",\"Page\":1,\"PageSize\":10}','{\"isSuccess\":true,\"Message\":\"Products retrieved successfully\",\"ProductsList\":[{\"ProductId\":25,\"SellerId\":5,\"ProductName\":\"Rubik\'s Cube\",\"ProductDescription\":\"3x3 speed cube, stickerless, smooth rotation\",\"Price\":450.00,\"Quantity\":100,\"Category\":\"Toys\",\"Brand\":\"Gan Cube\",\"Status\":\"ACTIVE\",\"StoreName\":\"NEILJOSEPHJr.\",\"SellerName\":\"Neil Joseph Del Rosario\",\"DateAdded\":\"2026-02-12T04:12:50\"},{\"ProductId\":24,\"SellerId\":5,\"ProductName\":\"Adjustable Dumbbell Set\",\"ProductDescription\":\"2-in-1, 20kg total, non-slip grip, space-saving\",\"Price\":4499.00,\"Quantity\":20,\"Category\":\"Sports\",\"Brand\":\"Bowflex\",\"Status\":\"ACTIVE\",\"StoreName\":\"NEILJOSEPHJr.\",\"SellerName\":\"Neil Joseph Del Rosario\",\"DateAdded\":\"2026-02-12T04:12:45\"},{\"ProductId\":23,\"SellerId\":5,\"ProductName\":\"48 Laws of Power\",\"ProductDescription\":\"Robert Greene - Amoral, cunning, and practical lessons\",\"Price\":1599.00,\"Quantity\":45,\"Category\":\"Books\",\"Brand\":\"Penguin\",\"Status\":\"ACTIVE\",\"StoreName\":\"NEILJOSEPHJr.\",\"SellerName\":\"Neil Joseph Del Rosario\",\"DateAdded\":\"2026-02-12T04:12:40\"},{\"ProductId\":22,\"SellerId\":5,\"ProductName\":\"Summer Dress\",\"ProductDescription\":\"Floral print, midi length, adjustable straps, lightweight fabric\",\"Price\":1299.00,\"Quantity\":60,\"Category\":\"Clothing\",\"Brand\":\"Zara\",\"Status\":\"ACTIVE\",\"StoreName\":\"NEILJOSEPHJr.\",\"SellerName\":\"Neil Joseph Del Rosario\",\"DateAdded\":\"2026-02-12T04:12:35\"},{\"ProductId\":21,\"SellerId\":5,\"ProductName\":\"iPad Air 5th Gen\",\"ProductDescription\":\"10.9-inch Liquid Retina display, M1 chip, 64GB, Wi-Fi\",\"Price\":34990.00,\"Quantity\":15,\"Category\":\"Electronics\",\"Brand\":\"Apple\",\"Status\":\"ACTIVE\",\"StoreName\":\"NEILJOSEPHJr.\",\"SellerName\":\"Neil Joseph Del Rosario\",\"DateAdded\":\"2026-02-12T04:12:31\"},{\"ProductId\":20,\"SellerId\":6,\"ProductName\":\"Ergonomic Office Chair\",\"ProductDescription\":\"Mesh back, lumbar support, adjustable armrest, breathable\",\"Price\":7999.00,\"Quantity\":15,\"Category\":\"Office Supplies\",\"Brand\":\"Sihoo\",\"Status\":\"ACTIVE\",\"StoreName\":\"DI MAKAUSAD\",\"SellerName\":\"Marc Anthony Zapata\",\"DateAdded\":\"2026-02-12T04:10:28\"},{\"ProductId\":19,\"SellerId\":6,\"ProductName\":\"Board Game - Catan\",\"ProductDescription\":\"Strategy game, 3-4 players, 60 minute play time\",\"Price\":1899.00,\"Quantity\":25,\"Category\":\"Toys\",\"Brand\":\"Catan Studio\",\"Status\":\"ACTIVE\",\"StoreName\":\"DI MAKAUSAD\",\"SellerName\":\"Marc Anthony Zapata\",\"DateAdded\":\"2026-02-12T04:10:22\"},{\"ProductId\":18,\"SellerId\":6,\"ProductName\":\"Fitness Tracker\",\"ProductDescription\":\"Heart rate monitor, step counter, sleep tracking, waterproof\",\"Price\":2499.00,\"Quantity\":45,\"Category\":\"Sports\",\"Brand\":\"Xiaomi\",\"Status\":\"ACTIVE\",\"StoreName\":\"DI MAKAUSAD\",\"SellerName\":\"Marc Anthony Zapata\",\"DateAdded\":\"2026-02-12T04:10:17\"},{\"ProductId\":17,\"SellerId\":6,\"ProductName\":\"Perfume for Women\",\"ProductDescription\":\"Floral fragrance, 100ml, notes of rose and jasmine\",\"Price\":4599.00,\"Quantity\":20,\"Category\":\"Beauty\",\"Brand\":\"Dior\",\"Status\":\"ACTIVE\",\"StoreName\":\"DI MAKAUSAD\",\"SellerName\":\"Marc Anthony Zapata\",\"DateAdded\":\"2026-02-12T04:10:13\"},{\"ProductId\":16,\"SellerId\":6,\"ProductName\":\"Rich Dad Poor Dad\",\"ProductDescription\":\"Robert Kiyosaki - What the Rich Teach Their Kids About Money\",\"Price\":699.00,\"Quantity\":80,\"Category\":\"Books\",\"Brand\":\"Plata Publishing\",\"Status\":\"ACTIVE\",\"StoreName\":\"DI MAKAUSAD\",\"SellerName\":\"Marc Anthony Zapata\",\"DateAdded\":\"2026-02-12T04:10:09\"}],\"TotalCount\":22,\"CategoryName\":null,\"CategoryId\":null,\"SellerName\":null,\"SellerId\":null,\"CurrentPage\":1,\"PageSize\":10,\"TotalPages\":3}'),
(312,'GetProducts','2026-03-12 00:58:47',NULL,'{\"Keyword\":\"iPhone\",\"CategoryId\":null,\"SellerId\":null,\"Status\":\"ACTIVE\",\"SessionKey\":\"d12438e8-a897-402b-a8f5-5b96ab16cc11\",\"UserId\":6,\"UserType\":\"BUYER\",\"Page\":1,\"PageSize\":10}','{\"isSuccess\":true,\"Message\":\"Products retrieved successfully\",\"ProductsList\":[{\"ProductId\":1,\"SellerId\":6,\"ProductName\":\"iPhone 15 Pro\",\"ProductDescription\":\"Latest Apple smartphone with A17 chip, titanium body\",\"Price\":74999.99,\"Quantity\":0,\"Category\":\"Electronics\",\"Brand\":\"Apple\",\"Status\":\"INACTIVE\",\"StoreName\":\"DI MAKAUSAD\",\"SellerName\":\"Marc Anthony Zapata\",\"DateAdded\":\"2026-02-12T00:20:41\"}],\"TotalCount\":1,\"CategoryName\":null,\"CategoryId\":null,\"SellerName\":null,\"SellerId\":null,\"CurrentPage\":1,\"PageSize\":10,\"TotalPages\":1}'),
(313,'GetProducts','2026-03-12 01:00:15',NULL,'{\"Keyword\":\"iPhone\",\"CategoryId\":null,\"SellerId\":null,\"Status\":\"ACTIVE\",\"SessionKey\":\"d12438e8-a897-402b-a8f5-5b96ab16cc11\",\"UserId\":6,\"UserType\":\"BUYER\",\"Page\":1,\"PageSize\":10}','{\"isSuccess\":true,\"Message\":\"Products retrieved successfully\",\"ProductsList\":[{\"ProductId\":1,\"SellerId\":6,\"ProductName\":\"iPhone 15 Pro\",\"ProductDescription\":\"Latest Apple smartphone with A17 chip, titanium body\",\"Price\":74999.99,\"Quantity\":0,\"Category\":\"Electronics\",\"Brand\":\"Apple\",\"Status\":\"SOLD OUT\",\"StoreName\":\"DI MAKAUSAD\",\"SellerName\":\"Marc Anthony Zapata\",\"DateAdded\":\"2026-02-12T00:20:41\"}],\"TotalCount\":1,\"CategoryName\":null,\"CategoryId\":null,\"SellerName\":null,\"SellerId\":null,\"CurrentPage\":1,\"PageSize\":10,\"TotalPages\":1}');

/*Table structure for table `BUYERS` */

DROP TABLE IF EXISTS `BUYERS`;

CREATE TABLE `BUYERS` (
  `BUYER_ID` int(11) NOT NULL AUTO_INCREMENT,
  `BUYER_FIRST_NAME` varchar(50) NOT NULL,
  `BUYER_LAST_NAME` varchar(50) NOT NULL,
  `BUYER_USERNAME` varchar(50) NOT NULL,
  `BUYER_PASSWORD` varchar(255) NOT NULL,
  `BUYER_EMAIL` varchar(100) NOT NULL,
  `BUYER_CONTACT_NO` varchar(20) DEFAULT NULL,
  `BUYER_STATUS` varchar(1) DEFAULT 'A',
  `DATE_ADDED` datetime DEFAULT NULL,
  PRIMARY KEY (`BUYER_ID`),
  UNIQUE KEY `BUYER_USERNAME` (`BUYER_USERNAME`)
) ENGINE=InnoDB AUTO_INCREMENT=10 DEFAULT CHARSET=utf8mb4 COLLATE=utf8mb4_general_ci;

/*Data for the table `BUYERS` */

insert  into `BUYERS`(`BUYER_ID`,`BUYER_FIRST_NAME`,`BUYER_LAST_NAME`,`BUYER_USERNAME`,`BUYER_PASSWORD`,`BUYER_EMAIL`,`BUYER_CONTACT_NO`,`BUYER_STATUS`,`DATE_ADDED`) values 
(6,'Ralph Laurence','Cruz','Sindel','$2a$10$nR/H1gutF88UVsYo83ETj.cLf8ecAnqKyVDiJ.SdmQ.YnwMLrtyG6','ralplaurence50@gmail.com','09673745627','A','2026-02-13 00:06:18');

/*Table structure for table `BUYER_SESSION` */

DROP TABLE IF EXISTS `BUYER_SESSION`;

CREATE TABLE `BUYER_SESSION` (
  `SESSION_ID` int(11) NOT NULL AUTO_INCREMENT,
  `SESSION_KEY` varchar(50) NOT NULL,
  `BUYER_ID` int(11) NOT NULL,
  `SESSION_STATUS` varchar(1) DEFAULT 'A',
  `CREATED_DATE` timestamp NOT NULL DEFAULT current_timestamp(),
  `LOGOUT_DATE` datetime DEFAULT NULL,
  PRIMARY KEY (`SESSION_ID`),
  UNIQUE KEY `SESSION_KEY` (`SESSION_KEY`),
  KEY `BUYER_ID` (`BUYER_ID`),
  CONSTRAINT `buyer_session_ibfk_1` FOREIGN KEY (`BUYER_ID`) REFERENCES `BUYERS` (`BUYER_ID`)
) ENGINE=InnoDB AUTO_INCREMENT=21 DEFAULT CHARSET=utf8mb4 COLLATE=utf8mb4_general_ci;

/*Data for the table `BUYER_SESSION` */

insert  into `BUYER_SESSION`(`SESSION_ID`,`SESSION_KEY`,`BUYER_ID`,`SESSION_STATUS`,`CREATED_DATE`,`LOGOUT_DATE`) values 
(11,'550ea174-9e2e-4b93-88c3-4224384bc4d4',6,'I','2026-02-11 03:08:22','2026-02-11 03:08:36'),
(12,'dfad06d7-a4d8-46c2-8e11-5d649ff9362e',6,'I','2026-02-11 03:11:23','2026-02-12 23:27:13'),
(13,'1809df33-3f18-425c-b53c-8d0fc999c733',6,'I','2026-02-12 23:27:13','2026-02-13 04:10:15'),
(14,'dd99776c-6297-46e2-a9e5-142a548a49be',6,'I','2026-02-13 04:10:15','2026-02-25 00:24:27'),
(15,'90a8f475-4451-4962-b4bb-1944fd48155d',6,'I','2026-02-25 00:24:27','2026-03-06 04:32:31'),
(16,'26e35056-80f7-47bc-aa0e-2a6333117aca',6,'I','2026-03-06 04:32:31','2026-03-06 05:34:58'),
(17,'2238d9ed-2238-4970-9e70-707373bedb70',6,'I','2026-03-06 05:34:58','2026-03-10 20:53:43'),
(18,'e3870b4a-ce05-4872-9eae-eee21db76ccf',6,'I','2026-03-10 20:53:43','2026-03-10 21:07:49'),
(19,'e98b7328-049f-42f9-947d-e661f0f95b02',6,'I','2026-03-10 21:07:49','2026-03-12 00:40:04'),
(20,'d12438e8-a897-402b-a8f5-5b96ab16cc11',6,'A','2026-03-12 00:40:04',NULL);

/*Table structure for table `CART` */

DROP TABLE IF EXISTS `CART`;

CREATE TABLE `CART` (
  `CART_ID` int(11) NOT NULL AUTO_INCREMENT,
  `BUYER_ID` int(11) NOT NULL,
  `PRODUCT_ID` int(11) NOT NULL,
  `QUANTITY` int(11) NOT NULL DEFAULT 1,
  `DATE_ADDED` datetime NOT NULL,
  `DATE_UPDATED` datetime DEFAULT NULL,
  `CART_STATUS` varchar(20) DEFAULT 'ACTIVE',
  PRIMARY KEY (`CART_ID`),
  UNIQUE KEY `unique_buyer_product` (`BUYER_ID`,`PRODUCT_ID`,`CART_STATUS`),
  KEY `PRODUCT_ID` (`PRODUCT_ID`),
  CONSTRAINT `cart_ibfk_1` FOREIGN KEY (`BUYER_ID`) REFERENCES `BUYERS` (`BUYER_ID`),
  CONSTRAINT `cart_ibfk_2` FOREIGN KEY (`PRODUCT_ID`) REFERENCES `PRODUCTS` (`PRODUCT_ID`)
) ENGINE=InnoDB AUTO_INCREMENT=5 DEFAULT CHARSET=utf8mb4 COLLATE=utf8mb4_general_ci;

/*Data for the table `CART` */

insert  into `CART`(`CART_ID`,`BUYER_ID`,`PRODUCT_ID`,`QUANTITY`,`DATE_ADDED`,`DATE_UPDATED`,`CART_STATUS`) values 
(4,6,2,5,'2026-03-06 05:35:30',NULL,'A');

/*Table structure for table `PRODUCTS` */

DROP TABLE IF EXISTS `PRODUCTS`;

CREATE TABLE `PRODUCTS` (
  `PRODUCT_ID` int(11) NOT NULL AUTO_INCREMENT,
  `SELLER_ID` int(11) NOT NULL,
  `PRODUCT_NAME` varchar(255) NOT NULL,
  `PRODUCT_DESCRIPTION` text DEFAULT NULL,
  `PRODUCT_PRICE` decimal(10,2) NOT NULL,
  `PRODUCT_QUANTITY` int(11) NOT NULL DEFAULT 0,
  `CATEGORY_ID` int(11) NOT NULL,
  `PRODUCT_BRAND` varchar(100) DEFAULT NULL,
  `PRODUCT_STATUS` char(1) DEFAULT 'A',
  `DATE_ADDED` datetime NOT NULL,
  `DATE_UPDATED` datetime DEFAULT NULL,
  PRIMARY KEY (`PRODUCT_ID`),
  KEY `CATEGORY_ID` (`CATEGORY_ID`),
  CONSTRAINT `products_ibfk_1` FOREIGN KEY (`CATEGORY_ID`) REFERENCES `PRODUCT_CATEGORY` (`CATEGORY_ID`)
) ENGINE=InnoDB AUTO_INCREMENT=26 DEFAULT CHARSET=utf8mb4 COLLATE=utf8mb4_general_ci;

/*Data for the table `PRODUCTS` */

insert  into `PRODUCTS`(`PRODUCT_ID`,`SELLER_ID`,`PRODUCT_NAME`,`PRODUCT_DESCRIPTION`,`PRODUCT_PRICE`,`PRODUCT_QUANTITY`,`CATEGORY_ID`,`PRODUCT_BRAND`,`PRODUCT_STATUS`,`DATE_ADDED`,`DATE_UPDATED`) values 
(1,6,'iPhone 15 Pro','Latest Apple smartphone with A17 chip, titanium body',74999.99,0,1,'Apple','S','2026-02-12 00:20:41','2026-03-10 21:07:01'),
(2,4,'Black Tshirt','Black Cotton Tshirt',159.99,500,2,'Uniqlo','A','2026-02-12 04:06:15',NULL),
(3,4,'Samsung 55-inch 4K Smart TV','55-inch Crystal UHD 4K Smart TV, HDR, Alexa built-in',34990.00,10,1,'Samsung','A','2026-02-12 04:07:38',NULL),
(4,4,'Men\'s Running Shoes','Lightweight breathable mesh, cushioned sole, size 42',2499.00,45,2,'Nike','A','2026-02-12 04:07:43',NULL),
(5,4,'Non-stick Frying Pan Set','3-piece set, granite coating, induction compatible',1899.00,30,3,'Tefal','A','2026-02-12 04:07:48',NULL),
(6,4,'Atomic Habits','James Clear - An Easy & Proven Way to Build Good Habits & Break Bad Ones',899.00,50,5,'Penguin Random House','A','2026-02-12 04:07:52',NULL),
(7,4,'Matte Liquid Lipstick','Long-lasting, highly pigmented, shade: Ruby Woo',450.00,120,11,'MAC','A','2026-02-12 04:07:57',NULL),
(8,4,'Yoga Mat','Eco-friendly, non-slip, 6mm thickness, with carry strap',1299.00,60,4,'Liforme','A','2026-02-12 04:08:02',NULL),
(9,4,'Pure Honey','100% organic raw honey, 500ml, no additives',350.00,200,9,'Healthy Options','A','2026-02-12 04:08:06',NULL),
(10,4,'Remote Control Car','1:18 scale, 2.4GHz, off-road, rechargeable battery',1599.00,25,6,'Traxxas','A','2026-02-12 04:08:11',NULL),
(11,4,'Car Dash Camera','1080p Full HD, night vision, loop recording, G-sensor',2299.00,35,7,'Xiaomi','A','2026-02-12 04:09:07',NULL),
(12,4,'Cat Tree Tower','Multi-level with scratching posts, plush perches, 150cm height',3299.00,15,12,'PawHut','A','2026-02-12 04:09:12',NULL),
(13,6,'MacBook Pro 14-inch','Apple M3 chip, 16GB RAM, 512GB SSD, Space Gray',129990.00,8,1,'Apple','I','2026-02-12 04:09:57','2026-02-13 04:12:17'),
(14,6,'Women\'s Sneakers','White leather platform sneakers, lace-up, cushioned insole',3299.00,35,2,'Adidas','A','2026-02-12 04:10:01',NULL),
(15,6,'Air Purifier','HEPA filter, covers 40sqm, quiet operation, air quality indicator',5999.00,12,3,'Sharp','A','2026-02-12 04:10:05',NULL),
(16,6,'Rich Dad Poor Dad','Robert Kiyosaki - What the Rich Teach Their Kids About Money',699.00,80,5,'Plata Publishing','A','2026-02-12 04:10:09',NULL),
(17,6,'Perfume for Women','Floral fragrance, 100ml, notes of rose and jasmine',4599.00,20,11,'Dior','A','2026-02-12 04:10:13',NULL),
(18,6,'Fitness Tracker','Heart rate monitor, step counter, sleep tracking, waterproof',2499.00,45,4,'Xiaomi','A','2026-02-12 04:10:17',NULL),
(19,6,'Board Game - Catan','Strategy game, 3-4 players, 60 minute play time',1899.00,25,6,'Catan Studio','A','2026-02-12 04:10:22',NULL),
(20,6,'Ergonomic Office Chair','Mesh back, lumbar support, adjustable armrest, breathable',7999.00,15,13,'Sihoo','A','2026-02-12 04:10:28',NULL),
(21,5,'iPad Air 5th Gen','10.9-inch Liquid Retina display, M1 chip, 64GB, Wi-Fi',34990.00,15,1,'Apple','A','2026-02-12 04:12:31',NULL),
(22,5,'Summer Dress','Floral print, midi length, adjustable straps, lightweight fabric',1299.00,60,2,'Zara','A','2026-02-12 04:12:35',NULL),
(23,5,'48 Laws of Power','Robert Greene - Amoral, cunning, and practical lessons',1599.00,45,5,'Penguin','A','2026-02-12 04:12:40',NULL),
(24,5,'Adjustable Dumbbell Set','2-in-1, 20kg total, non-slip grip, space-saving',4499.00,20,4,'Bowflex','A','2026-02-12 04:12:45',NULL),
(25,5,'Rubik\'s Cube','3x3 speed cube, stickerless, smooth rotation',450.00,100,6,'Gan Cube','A','2026-02-12 04:12:50',NULL);

/*Table structure for table `PRODUCT_CATEGORY` */

DROP TABLE IF EXISTS `PRODUCT_CATEGORY`;

CREATE TABLE `PRODUCT_CATEGORY` (
  `CATEGORY_ID` int(11) NOT NULL AUTO_INCREMENT,
  `CATEGORY_NAME` varchar(100) NOT NULL,
  `DATE_ADDED` datetime NOT NULL,
  PRIMARY KEY (`CATEGORY_ID`),
  UNIQUE KEY `CATEGORY_NAME` (`CATEGORY_NAME`)
) ENGINE=InnoDB AUTO_INCREMENT=14 DEFAULT CHARSET=utf8mb4 COLLATE=utf8mb4_general_ci;

/*Data for the table `PRODUCT_CATEGORY` */

insert  into `PRODUCT_CATEGORY`(`CATEGORY_ID`,`CATEGORY_NAME`,`DATE_ADDED`) values 
(1,'Electronics','2026-02-11 21:55:55'),
(2,'Clothing','2026-02-11 21:55:55'),
(3,'Home & Living','2026-02-11 21:55:55'),
(4,'Sports','2026-02-11 21:55:55'),
(5,'Books','2026-02-11 21:55:55'),
(6,'Toys','2026-02-11 21:55:55'),
(7,'Automotive','2026-02-11 21:55:55'),
(8,'Health & Beauty','2026-02-11 21:55:55'),
(9,'Food & Beverages','2026-02-11 21:55:55'),
(10,'Others','2026-02-11 21:55:55'),
(11,'Beauty','2026-02-12 04:07:57'),
(12,'Pets','2026-02-12 04:09:12'),
(13,'Office Supplies','2026-02-12 04:10:28');

/*Table structure for table `PRODUCT_COMMENTS` */

DROP TABLE IF EXISTS `PRODUCT_COMMENTS`;

CREATE TABLE `PRODUCT_COMMENTS` (
  `COMMENT_ID` int(11) NOT NULL AUTO_INCREMENT,
  `PRODUCT_ID` int(11) NOT NULL,
  `USER_ID` int(11) NOT NULL,
  `USER_TYPE` varchar(10) NOT NULL,
  `COMMENT_TEXT` text NOT NULL,
  `DATE_ADDED` datetime NOT NULL,
  PRIMARY KEY (`COMMENT_ID`)
) ENGINE=InnoDB AUTO_INCREMENT=2 DEFAULT CHARSET=utf8mb4 COLLATE=utf8mb4_general_ci;

/*Data for the table `PRODUCT_COMMENTS` */

insert  into `PRODUCT_COMMENTS`(`COMMENT_ID`,`PRODUCT_ID`,`USER_ID`,`USER_TYPE`,`COMMENT_TEXT`,`DATE_ADDED`) values 
(1,1,6,'BUYER','Does this product come in different colors?','2026-03-12 00:42:46');

/*Table structure for table `PRODUCT_REVIEWS` */

DROP TABLE IF EXISTS `PRODUCT_REVIEWS`;

CREATE TABLE `PRODUCT_REVIEWS` (
  `REVIEW_ID` int(11) NOT NULL AUTO_INCREMENT,
  `PRODUCT_ID` int(11) NOT NULL,
  `BUYER_ID` int(11) NOT NULL,
  `RATING` int(11) NOT NULL,
  `REVIEW_TEXT` text DEFAULT NULL,
  `DATE_ADDED` datetime NOT NULL,
  PRIMARY KEY (`REVIEW_ID`)
) ENGINE=InnoDB AUTO_INCREMENT=2 DEFAULT CHARSET=utf8mb4 COLLATE=utf8mb4_general_ci;

/*Data for the table `PRODUCT_REVIEWS` */

insert  into `PRODUCT_REVIEWS`(`REVIEW_ID`,`PRODUCT_ID`,`BUYER_ID`,`RATING`,`REVIEW_TEXT`,`DATE_ADDED`) values 
(1,1,6,5,'Great product! Very satisfied with the quality and shipping was fast.','2026-03-12 00:41:08');

/*Table structure for table `SELLERS` */

DROP TABLE IF EXISTS `SELLERS`;

CREATE TABLE `SELLERS` (
  `SELLER_ID` int(11) NOT NULL AUTO_INCREMENT,
  `SELLER_FIRST_NAME` varchar(50) NOT NULL,
  `SELLER_LAST_NAME` varchar(50) NOT NULL,
  `SELLER_USERNAME` varchar(50) NOT NULL,
  `SELLER_PASSWORD` varchar(255) NOT NULL,
  `SELLER_EMAIL` varchar(100) NOT NULL,
  `SELLER_CONTACT_NO` varchar(20) DEFAULT NULL,
  `SELLER_STORE_NAME` varchar(100) NOT NULL,
  `SELLER_STATUS` varchar(1) DEFAULT 'A',
  `DATE_ADDED` datetime DEFAULT NULL,
  PRIMARY KEY (`SELLER_ID`),
  UNIQUE KEY `SELLER_USERNAME` (`SELLER_USERNAME`)
) ENGINE=InnoDB AUTO_INCREMENT=7 DEFAULT CHARSET=utf8mb4 COLLATE=utf8mb4_general_ci;

/*Data for the table `SELLERS` */

insert  into `SELLERS`(`SELLER_ID`,`SELLER_FIRST_NAME`,`SELLER_LAST_NAME`,`SELLER_USERNAME`,`SELLER_PASSWORD`,`SELLER_EMAIL`,`SELLER_CONTACT_NO`,`SELLER_STORE_NAME`,`SELLER_STATUS`,`DATE_ADDED`) values 
(4,'Ronaldo Neil','Salcedo','RNCS','$2a$10$yrWel/Bmt7wwPx3JE5RwGekxgbSxpmpVFIYkBd9re.lH3lAwDiP12','caparasronaldo018@gmail.com','09673745627','RNCS SHOP','A','2026-02-13 00:06:06'),
(5,'Neil Joseph','Del Rosario','NeilJosephRonaldo','$2a$10$lokq7g1M.AvLaAqLE9FGSuzCwEfkqKMg4rAMaCJdPCUUK4jgzsjFC','neiljosephdelrosario@gmail.com','09673745627','NEILJOSEPHJr.','A','2026-02-13 00:06:06'),
(6,'Marc Anthony','Zapata','Mtony','$2a$10$AahYt3tho5rT64RUZkaaG.q2UyVnmix./umTaMi5zjnzYwWwhwBKm','mrcnthnyzpt@gmail.com','09673745627','DI MAKAUSAD','A','2026-02-13 00:06:06');

/*Table structure for table `SELLER_OTP` */

DROP TABLE IF EXISTS `SELLER_OTP`;

CREATE TABLE `SELLER_OTP` (
  `OTP_ID` int(11) NOT NULL AUTO_INCREMENT,
  `SELLER_ID` int(11) NOT NULL,
  `OTP` varchar(8) NOT NULL,
  `OTP_EXPIRY_DATE` datetime NOT NULL,
  `OTP_STATUS` varchar(1) DEFAULT 'A',
  PRIMARY KEY (`OTP_ID`),
  KEY `SELLER_ID` (`SELLER_ID`),
  CONSTRAINT `seller_otp_ibfk_1` FOREIGN KEY (`SELLER_ID`) REFERENCES `SELLERS` (`SELLER_ID`)
) ENGINE=InnoDB AUTO_INCREMENT=12 DEFAULT CHARSET=utf8mb4 COLLATE=utf8mb4_general_ci;

/*Data for the table `SELLER_OTP` */

insert  into `SELLER_OTP`(`OTP_ID`,`SELLER_ID`,`OTP`,`OTP_EXPIRY_DATE`,`OTP_STATUS`) values 
(4,4,'F9F9D926','2026-02-06 03:48:04','U'),
(5,5,'A8AA54A8','2026-02-06 05:08:16','U'),
(6,6,'02DF46DB','2026-02-11 00:21:03','I'),
(7,6,'44A58E26','2026-02-11 00:27:40','I'),
(8,6,'2001377F','2026-02-11 00:30:30','I'),
(9,6,'E7ECE77D','2026-02-11 00:34:00','I'),
(10,6,'B194DFD1','2026-02-11 00:44:52','I'),
(11,6,'4EAB8DD2','2026-02-11 00:46:22','U');

/*Table structure for table `SELLER_SESSION` */

DROP TABLE IF EXISTS `SELLER_SESSION`;

CREATE TABLE `SELLER_SESSION` (
  `SESSION_ID` int(11) NOT NULL AUTO_INCREMENT,
  `SESSION_KEY` varchar(50) NOT NULL,
  `SELLER_ID` int(11) NOT NULL,
  `SESSION_STATUS` varchar(1) DEFAULT 'A',
  `CREATED_DATE` timestamp NOT NULL DEFAULT current_timestamp(),
  `LOGOUT_DATE` datetime DEFAULT NULL,
  PRIMARY KEY (`SESSION_ID`),
  UNIQUE KEY `SESSION_KEY` (`SESSION_KEY`),
  KEY `SELLER_ID` (`SELLER_ID`),
  CONSTRAINT `seller_session_ibfk_1` FOREIGN KEY (`SELLER_ID`) REFERENCES `SELLERS` (`SELLER_ID`)
) ENGINE=InnoDB AUTO_INCREMENT=24 DEFAULT CHARSET=utf8mb4 COLLATE=utf8mb4_general_ci;

/*Data for the table `SELLER_SESSION` */

insert  into `SELLER_SESSION`(`SESSION_ID`,`SESSION_KEY`,`SELLER_ID`,`SESSION_STATUS`,`CREATED_DATE`,`LOGOUT_DATE`) values 
(8,'c79bcd25-263c-44a7-9754-68148e8c736a',5,'I','2026-02-06 04:59:40','2026-02-12 04:10:48'),
(9,'92890246-4338-4d82-bea7-b30edd3fbc1f',6,'I','2026-02-11 00:39:14','2026-02-11 00:39:39'),
(10,'c3806eac-514a-42fe-a600-bc661c5f2152',6,'I','2026-02-11 00:44:16','2026-02-11 00:44:40'),
(11,'13af19e4-88ec-428d-a514-c414f5eba870',6,'I','2026-02-11 00:44:40','2026-02-11 00:45:40'),
(12,'79ac329b-842a-4b47-b7c4-0f2bb88345e6',6,'I','2026-02-11 00:45:40','2026-02-12 00:15:37'),
(13,'b834b86f-4bf8-4558-bab7-d3bc8780f6e5',6,'I','2026-02-12 00:15:37','2026-02-12 04:09:24'),
(14,'0e72eba5-0fb2-4083-acd5-e5c79c4d6ef0',4,'I','2026-02-12 04:04:37','2026-02-12 04:10:59'),
(15,'d5f18b80-4115-45ce-9860-cddd35833798',6,'I','2026-02-12 04:09:24','2026-02-12 04:11:07'),
(16,'6e54ae39-90fd-40b7-a895-6e034571e429',5,'I','2026-02-12 04:11:54','2026-02-12 04:11:59'),
(17,'fee76408-fd24-4449-bd25-e86dabd035b1',5,'A','2026-02-12 04:11:59',NULL),
(18,'e98e90b2-e38b-454d-8257-002f464f57de',6,'I','2026-02-12 23:24:48','2026-02-12 23:55:30'),
(19,'649a13c5-3e56-49d5-994e-91d25b3886c0',6,'I','2026-02-12 23:55:30','2026-02-13 04:10:21'),
(20,'4932bc5f-2b8f-4d6e-b377-89ed381e30e1',6,'I','2026-02-13 04:10:21','2026-03-06 04:48:18'),
(21,'faa8e2a9-bba2-4ba9-8950-aa88261313a2',6,'I','2026-03-06 04:48:18','2026-03-10 20:52:58'),
(22,'c8534bc8-47e0-4d54-b851-db85b743c451',6,'I','2026-03-10 20:52:58','2026-03-10 21:03:32'),
(23,'74845a21-dbfd-4125-9e3e-9c7e919f6d2d',6,'A','2026-03-10 21:03:32',NULL);

/*Table structure for table `SETTINGS` */

DROP TABLE IF EXISTS `SETTINGS`;

CREATE TABLE `SETTINGS` (
  `SETTING_ID` int(255) NOT NULL AUTO_INCREMENT,
  `SETTING_KEY` varchar(255) DEFAULT NULL,
  `SETTING_VALUE` varchar(1) NOT NULL,
  PRIMARY KEY (`SETTING_ID`)
) ENGINE=InnoDB AUTO_INCREMENT=8 DEFAULT CHARSET=utf8mb4 COLLATE=utf8mb4_general_ci;

/*Data for the table `SETTINGS` */

insert  into `SETTINGS`(`SETTING_ID`,`SETTING_KEY`,`SETTING_VALUE`) values 
(1,'ACTIVE','A'),
(2,'INACTIVE','I'),
(3,'DELETED','D'),
(4,'USED','U'),
(5,'BUYER','B'),
(6,'SELLER','S'),
(7,'SOLD_OUT','S');

/*Table structure for table `VOUCHERS` */

DROP TABLE IF EXISTS `VOUCHERS`;

CREATE TABLE `VOUCHERS` (
  `VOUCHER_ID` int(11) NOT NULL AUTO_INCREMENT,
  `SELLER_ID` int(11) NOT NULL,
  `VOUCHER_CODE` varchar(50) NOT NULL,
  `VOUCHER_NAME` varchar(100) NOT NULL,
  `VOUCHER_DESCRIPTION` text DEFAULT NULL,
  `DISCOUNT_AMOUNT` decimal(10,2) NOT NULL,
  `MINIMUM_SPEND` decimal(10,2) DEFAULT 0.00,
  `VALID_FROM` datetime NOT NULL,
  `VALID_TO` datetime NOT NULL,
  `MAX_USES` int(11) NOT NULL,
  `USED_COUNT` int(11) DEFAULT 0,
  `VOUCHER_STATUS` char(1) DEFAULT 'A',
  `DATE_ADDED` datetime NOT NULL,
  `DATE_UPDATED` datetime DEFAULT NULL,
  PRIMARY KEY (`VOUCHER_ID`),
  UNIQUE KEY `VOUCHER_CODE` (`VOUCHER_CODE`),
  KEY `idx_seller_id` (`SELLER_ID`),
  KEY `idx_voucher_code` (`VOUCHER_CODE`),
  KEY `idx_voucher_status` (`VOUCHER_STATUS`),
  KEY `idx_valid_dates` (`VALID_FROM`,`VALID_TO`),
  CONSTRAINT `vouchers_ibfk_1` FOREIGN KEY (`SELLER_ID`) REFERENCES `SELLERS` (`SELLER_ID`)
) ENGINE=InnoDB AUTO_INCREMENT=6 DEFAULT CHARSET=utf8mb4 COLLATE=utf8mb4_general_ci;

/*Data for the table `VOUCHERS` */

insert  into `VOUCHERS`(`VOUCHER_ID`,`SELLER_ID`,`VOUCHER_CODE`,`VOUCHER_NAME`,`VOUCHER_DESCRIPTION`,`DISCOUNT_AMOUNT`,`MINIMUM_SPEND`,`VALID_FROM`,`VALID_TO`,`MAX_USES`,`USED_COUNT`,`VOUCHER_STATUS`,`DATE_ADDED`,`DATE_UPDATED`) values 
(3,6,'SAVE20','Save ₱20','Get ₱20 off on any purchase',20.00,100.00,'2024-03-06 00:00:00','2024-12-31 23:59:59',50,0,'A','2026-03-06 04:49:15',NULL),
(4,6,'SAVE10000','Save ₱10000','Get ₱20 off on any purchase',10000.00,100.00,'2024-03-06 00:00:00','2024-12-31 00:00:00',50,0,'I','2026-03-06 04:50:08','2026-03-06 04:51:50'),
(5,6,'SAVE100','Save ₱100','Get ₱100 off on any purchase',100.00,100.00,'2026-03-06 00:00:00','2026-12-31 00:00:00',50,1,'A','2026-03-06 05:34:37','2026-03-06 05:36:04');

/*!40101 SET SQL_MODE=@OLD_SQL_MODE */;
/*!40014 SET FOREIGN_KEY_CHECKS=@OLD_FOREIGN_KEY_CHECKS */;
/*!40014 SET UNIQUE_CHECKS=@OLD_UNIQUE_CHECKS */;
/*!40111 SET SQL_NOTES=@OLD_SQL_NOTES */;
